Resume,Role
"Experienced in Python, SQL, Scikit-learn, Machine Learning, Deep Learning, Power BI, Data Visualization, NumPy, Matplotlib, Pandas, Excel, Statistics",Data Scientist
"Experienced in Machine Learning, TensorFlow, Scikit-learn, Seaborn, NumPy, Power BI, Excel, Deep Learning, Python, SQL, Pandas, Statistics",Data Scientist
"Experienced in Matplotlib, Data Visualization, Seaborn, Power BI, Python, TensorFlow, Pandas, Excel, Deep Learning, Statistics, NumPy, Scikit-learn",Data Scientist
"Experienced in Statistics, Deep Learning, Seaborn, Data Visualization, Python, SQL, TensorFlow, NumPy, Scikit-learn, Machine Learning, Power BI, Excel",Data Scientist
"Experienced in NumPy, SQL, Scikit-learn, Matplotlib, Pandas, Excel, Machine Learning, Power BI",Data Scientist
"Experienced in Scikit-learn, TensorFlow, SQL, Excel, Seaborn, NumPy, Matplotlib, Pandas, Statistics, Python, Machine Learning",Data Scientist
"Experienced in Statistics, Power BI, TensorFlow, SQL, Data Visualization, Seaborn, NumPy, Machine Learning, Python, Excel, Deep Learning, Pandas",Data Scientist
"Experienced in Seaborn, NumPy, Scikit-learn, Python, Pandas, Statistics, Data Visualization, SQL, TensorFlow",Data Scientist
"Experienced in Python, TensorFlow, Pandas, Deep Learning, Statistics, Matplotlib, Seaborn, Machine Learning, Data Visualization, SQL, Scikit-learn, NumPy",Data Scientist
"Experienced in Scikit-learn, Machine Learning, Power BI, TensorFlow, Seaborn, Data Visualization, Excel, Python, Deep Learning, Pandas, Matplotlib, NumPy",Data Scientist
"Experienced in NumPy, Data Visualization, Statistics, Python, Matplotlib, Scikit-learn, Power BI, Machine Learning, Pandas, SQL",Data Scientist
"Experienced in Statistics, Deep Learning, Seaborn, TensorFlow, Scikit-learn, Matplotlib, Machine Learning, Data Visualization, SQL, Pandas",Data Scientist
"Experienced in Data Visualization, Deep Learning, Seaborn, Power BI, Excel, NumPy, Machine Learning, SQL, Scikit-learn, Statistics, TensorFlow",Data Scientist
"Experienced in Excel, Machine Learning, NumPy, Python, Matplotlib, Power BI, Pandas, Statistics, Data Visualization, TensorFlow",Data Scientist
"Experienced in Statistics, SQL, Power BI, Seaborn, Excel, Pandas, NumPy, Matplotlib, Machine Learning, Scikit-learn",Data Scientist
"Experienced in Excel, NumPy, TensorFlow, Matplotlib, Deep Learning, Power BI, Seaborn, Python, SQL, Scikit-learn, Statistics",Data Scientist
"Experienced in Data Visualization, Python, Deep Learning, Seaborn, TensorFlow, Scikit-learn, Power BI, Matplotlib, Statistics",Data Scientist
"Experienced in Power BI, Pandas, SQL, Python, Excel, Scikit-learn, Seaborn, Matplotlib, Deep Learning",Data Scientist
"Experienced in Matplotlib, Power BI, Seaborn, NumPy, Pandas, Excel, Scikit-learn, Deep Learning",Data Scientist
"Experienced in Power BI, Machine Learning, Data Visualization, Matplotlib, TensorFlow, Python, Deep Learning, Pandas, Seaborn",Data Scientist
"Experienced in SQL, Seaborn, Machine Learning, Deep Learning, Power BI, TensorFlow, Statistics, Data Visualization, NumPy, Matplotlib, Python",Data Scientist
"Experienced in Scikit-learn, Data Visualization, TensorFlow, Seaborn, Statistics, Machine Learning, Python, Deep Learning, Power BI, Excel",Data Scientist
"Experienced in Data Visualization, Statistics, Machine Learning, Deep Learning, SQL, Seaborn, Python, Scikit-learn, Matplotlib, Pandas, NumPy",Data Scientist
"Experienced in Matplotlib, Deep Learning, Seaborn, Machine Learning, NumPy, Statistics, SQL, TensorFlow, Excel, Python",Data Scientist
"Experienced in Deep Learning, TensorFlow, Pandas, Matplotlib, Scikit-learn, NumPy, Python, SQL, Power BI, Excel",Data Scientist
"Experienced in Deep Learning, NumPy, Pandas, Machine Learning, Matplotlib, Seaborn, Python, Excel",Data Scientist
"Experienced in SQL, Machine Learning, Power BI, Statistics, Deep Learning, Pandas, Seaborn, Python, Scikit-learn, NumPy, Excel",Data Scientist
"Experienced in Statistics, Pandas, NumPy, SQL, Machine Learning, Python, Deep Learning, TensorFlow, Scikit-learn",Data Scientist
"Experienced in TensorFlow, Data Visualization, Pandas, Python, Machine Learning, Power BI, Matplotlib, Deep Learning, Seaborn, NumPy, Scikit-learn, Excel",Data Scientist
"Experienced in NumPy, Scikit-learn, Data Visualization, SQL, Python, TensorFlow, Statistics, Power BI, Matplotlib, Machine Learning, Seaborn, Pandas",Data Scientist
"Experienced in Statistics, Deep Learning, SQL, Machine Learning, Matplotlib, Scikit-learn, NumPy, Seaborn, Python, Excel, Data Visualization, TensorFlow",Data Scientist
"Experienced in NumPy, Statistics, Deep Learning, Python, TensorFlow, Data Visualization, Matplotlib, Excel, Seaborn, Power BI",Data Scientist
"Experienced in Deep Learning, Scikit-learn, Seaborn, NumPy, Machine Learning, Excel, Python, TensorFlow, Data Visualization, Statistics",Data Scientist
"Experienced in SQL, TensorFlow, Statistics, NumPy, Machine Learning, Power BI, Scikit-learn, Python, Data Visualization, Matplotlib",Data Scientist
"Experienced in Scikit-learn, NumPy, TensorFlow, Excel, Deep Learning, Seaborn, SQL, Pandas",Data Scientist
"Experienced in Scikit-learn, Python, Machine Learning, Excel, Seaborn, Data Visualization, Statistics, Power BI",Data Scientist
"Experienced in Machine Learning, NumPy, Power BI, Matplotlib, Excel, Python, Pandas, Statistics, Deep Learning, Data Visualization",Data Scientist
"Experienced in Python, Machine Learning, Power BI, TensorFlow, Data Visualization, NumPy, Deep Learning, Statistics, Pandas",Data Scientist
"Experienced in Machine Learning, Seaborn, Data Visualization, Pandas, SQL, Scikit-learn, Matplotlib, Power BI, TensorFlow, NumPy, Statistics, Excel",Data Scientist
"Experienced in Data Visualization, Statistics, Excel, Scikit-learn, NumPy, Power BI, Matplotlib, Deep Learning, SQL, TensorFlow",Data Scientist
"Experienced in Seaborn, TensorFlow, Python, Deep Learning, Pandas, Power BI, Machine Learning, Statistics",Data Scientist
"Experienced in Deep Learning, Python, Power BI, Excel, Scikit-learn, Machine Learning, NumPy, Data Visualization, Seaborn, SQL",Data Scientist
"Experienced in Power BI, Pandas, Statistics, Data Visualization, Python, Excel, Deep Learning, Machine Learning, TensorFlow, Matplotlib, Seaborn, NumPy",Data Scientist
"Experienced in Data Visualization, Matplotlib, SQL, NumPy, Seaborn, Machine Learning, Power BI, Deep Learning, Statistics, TensorFlow, Python",Data Scientist
"Experienced in Seaborn, Pandas, Deep Learning, Excel, Scikit-learn, Matplotlib, NumPy, Statistics, SQL, TensorFlow",Data Scientist
"Experienced in NumPy, Pandas, Power BI, Scikit-learn, Matplotlib, Python, Deep Learning, Seaborn, Excel, Data Visualization, Statistics",Data Scientist
"Experienced in Python, NumPy, Scikit-learn, Excel, Matplotlib, Seaborn, Statistics, TensorFlow",Data Scientist
"Experienced in Power BI, Matplotlib, Pandas, Statistics, Excel, Python, Seaborn, SQL, TensorFlow",Data Scientist
"Experienced in Power BI, Excel, Scikit-learn, Pandas, Deep Learning, TensorFlow, Seaborn, Data Visualization",Data Scientist
"Experienced in Scikit-learn, Statistics, Power BI, Python, TensorFlow, NumPy, SQL, Matplotlib, Seaborn",Data Scientist
"Experienced in Power BI, Machine Learning, Data Visualization, Excel, Scikit-learn, Pandas, NumPy, Python, Matplotlib, Deep Learning",Data Scientist
"Experienced in NumPy, Scikit-learn, Matplotlib, SQL, Power BI, Statistics, Deep Learning, Machine Learning, Python, TensorFlow, Data Visualization, Excel",Data Scientist
"Experienced in Deep Learning, NumPy, Data Visualization, SQL, Machine Learning, Power BI, Pandas, Python, Excel",Data Scientist
"Experienced in TensorFlow, Machine Learning, Python, Pandas, Data Visualization, Seaborn, Power BI, Matplotlib, Excel, NumPy, Scikit-learn, Statistics",Data Scientist
"Experienced in Pandas, Machine Learning, Python, TensorFlow, Data Visualization, NumPy, SQL, Power BI, Seaborn, Statistics, Matplotlib",Data Scientist
"Experienced in Seaborn, TensorFlow, Matplotlib, Python, NumPy, SQL, Pandas, Data Visualization, Machine Learning, Scikit-learn, Power BI",Data Scientist
"Experienced in Statistics, Seaborn, Pandas, SQL, Deep Learning, TensorFlow, Excel, Data Visualization, Power BI, Scikit-learn, Machine Learning",Data Scientist
"Experienced in Data Visualization, Matplotlib, Statistics, NumPy, SQL, Python, Excel, Scikit-learn, Machine Learning, Seaborn",Data Scientist
"Experienced in TensorFlow, Pandas, SQL, Python, Scikit-learn, Excel, NumPy, Seaborn, Statistics, Data Visualization, Machine Learning",Data Scientist
"Experienced in Pandas, Deep Learning, Scikit-learn, Seaborn, SQL, TensorFlow, Machine Learning, Power BI, Statistics, Python",Data Scientist
"Experienced in Scikit-learn, Excel, Matplotlib, Deep Learning, Python, Data Visualization, Statistics, NumPy, Pandas, TensorFlow, Machine Learning",Data Scientist
"Experienced in SQL, Seaborn, Matplotlib, Pandas, Scikit-learn, NumPy, Data Visualization, Power BI, Python, Statistics",Data Scientist
"Experienced in Power BI, TensorFlow, Statistics, Excel, Matplotlib, Deep Learning, SQL, NumPy, Pandas, Seaborn, Machine Learning",Data Scientist
"Experienced in Deep Learning, Seaborn, Scikit-learn, Python, Machine Learning, Matplotlib, Power BI, SQL, Data Visualization, NumPy, Statistics, TensorFlow",Data Scientist
"Experienced in Pandas, Machine Learning, NumPy, Python, SQL, Data Visualization, Seaborn, TensorFlow, Power BI, Deep Learning, Statistics, Matplotlib",Data Scientist
"Experienced in Power BI, TensorFlow, Machine Learning, Pandas, Excel, SQL, Data Visualization, Matplotlib",Data Scientist
"Experienced in Matplotlib, TensorFlow, Excel, Python, Data Visualization, Deep Learning, NumPy, Power BI, Statistics",Data Scientist
"Experienced in Statistics, Excel, Machine Learning, Data Visualization, TensorFlow, Seaborn, SQL, Pandas",Data Scientist
"Experienced in Seaborn, SQL, Excel, Scikit-learn, Matplotlib, Power BI, Machine Learning, Pandas, Deep Learning",Data Scientist
"Experienced in NumPy, TensorFlow, Excel, Matplotlib, Statistics, SQL, Deep Learning, Python",Data Scientist
"Experienced in Machine Learning, Matplotlib, Python, TensorFlow, SQL, Excel, Scikit-learn, Data Visualization",Data Scientist
"Experienced in Pandas, Power BI, Python, Data Visualization, Matplotlib, Deep Learning, Machine Learning, TensorFlow, SQL, Seaborn, Excel",Data Scientist
"Experienced in Pandas, SQL, Power BI, Seaborn, Excel, Data Visualization, TensorFlow, Matplotlib, Statistics",Data Scientist
"Experienced in NumPy, Deep Learning, Python, TensorFlow, Statistics, Excel, Machine Learning, SQL, Matplotlib, Pandas, Power BI, Data Visualization",Data Scientist
"Experienced in Power BI, Data Visualization, Deep Learning, Pandas, Matplotlib, Statistics, Scikit-learn, Excel, Machine Learning",Data Scientist
"Experienced in Machine Learning, Scikit-learn, TensorFlow, SQL, Matplotlib, Pandas, NumPy, Data Visualization, Seaborn, Power BI",Data Scientist
"Experienced in Data Visualization, Machine Learning, SQL, Pandas, Python, NumPy, Excel, Deep Learning, Matplotlib",Data Scientist
"Experienced in Power BI, NumPy, Matplotlib, SQL, Scikit-learn, Python, Statistics, Pandas, Machine Learning, Seaborn",Data Scientist
"Experienced in Power BI, Scikit-learn, Python, Deep Learning, Data Visualization, Statistics, SQL, TensorFlow",Data Scientist
"Experienced in Power BI, Excel, Machine Learning, Matplotlib, NumPy, TensorFlow, Seaborn, Deep Learning, Data Visualization, SQL",Data Scientist
"Experienced in Pandas, Statistics, Seaborn, Power BI, SQL, TensorFlow, Deep Learning, Excel, Data Visualization",Data Scientist
"Experienced in SQL, Deep Learning, Python, TensorFlow, Excel, Machine Learning, Matplotlib, Power BI, Pandas, Scikit-learn, Statistics",Data Scientist
"Experienced in Matplotlib, Scikit-learn, Power BI, Seaborn, Statistics, TensorFlow, Machine Learning, Python, Data Visualization, Pandas, Deep Learning, NumPy",Data Scientist
"Experienced in Pandas, Machine Learning, Excel, Scikit-learn, Power BI, Deep Learning, TensorFlow, Statistics, SQL, Matplotlib, Data Visualization, Python",Data Scientist
"Experienced in Python, Seaborn, Statistics, TensorFlow, Scikit-learn, Deep Learning, Excel, Data Visualization, Machine Learning, NumPy, Power BI",Data Scientist
"Experienced in Machine Learning, Deep Learning, Seaborn, Excel, NumPy, SQL, Scikit-learn, Data Visualization, Statistics, Power BI, Pandas, Matplotlib",Data Scientist
"Experienced in Machine Learning, SQL, Excel, NumPy, TensorFlow, Deep Learning, Seaborn, Scikit-learn, Matplotlib",Data Scientist
"Experienced in Deep Learning, Scikit-learn, Excel, Matplotlib, Statistics, NumPy, SQL, Power BI, Python, Data Visualization",Data Scientist
"Experienced in Deep Learning, Statistics, Scikit-learn, Pandas, Seaborn, SQL, Excel, Data Visualization",Data Scientist
"Experienced in Python, TensorFlow, Power BI, Statistics, Pandas, Seaborn, Machine Learning, Excel, Scikit-learn",Data Scientist
"Experienced in Machine Learning, Seaborn, Statistics, Data Visualization, Pandas, Python, NumPy, Excel, Power BI, Matplotlib, SQL",Data Scientist
"Experienced in Pandas, Machine Learning, Python, Data Visualization, Excel, Matplotlib, Statistics, SQL, Power BI, TensorFlow",Data Scientist
"Experienced in Python, Scikit-learn, Excel, Deep Learning, SQL, Statistics, Machine Learning, Seaborn, Matplotlib, NumPy, Data Visualization",Data Scientist
"Experienced in TensorFlow, Excel, Deep Learning, SQL, Power BI, Matplotlib, NumPy, Seaborn, Python",Data Scientist
"Experienced in Power BI, Deep Learning, Machine Learning, Scikit-learn, Python, NumPy, TensorFlow, Pandas, Seaborn",Data Scientist
"Experienced in Machine Learning, SQL, Matplotlib, Statistics, NumPy, TensorFlow, Power BI, Pandas, Scikit-learn",Data Scientist
"Experienced in Deep Learning, TensorFlow, Seaborn, Machine Learning, Statistics, NumPy, SQL, Power BI, Pandas, Data Visualization",Data Scientist
"Experienced in Statistics, Excel, Scikit-learn, Data Visualization, NumPy, Deep Learning, Matplotlib, Pandas",Data Scientist
"Experienced in Machine Learning, TensorFlow, Pandas, Statistics, Power BI, Scikit-learn, Deep Learning, Data Visualization, Excel, SQL, Matplotlib, Seaborn",Data Scientist
"Experienced in Matplotlib, TensorFlow, Power BI, Excel, NumPy, Statistics, Scikit-learn, Deep Learning, Seaborn, SQL",Data Scientist
"Experienced in Docker, FastAPI, Model Deployment, Flask, Computer Vision, TensorFlow, Python, PyTorch, Machine Learning, NLP",Machine Learning Engineer
"Experienced in Computer Vision, Flask, Deep Learning, NLP, Python, Scikit-learn, Docker, PyTorch, Machine Learning",Machine Learning Engineer
"Experienced in FastAPI, TensorFlow, Scikit-learn, PyTorch, Model Deployment, Python, Docker, Computer Vision, Flask",Machine Learning Engineer
"Experienced in Machine Learning, TensorFlow, Model Deployment, Scikit-learn, Docker, Computer Vision, NLP, Deep Learning, PyTorch, FastAPI",Machine Learning Engineer
"Experienced in PyTorch, FastAPI, NLP, Machine Learning, Deep Learning, Computer Vision, Python, Model Deployment, Scikit-learn",Machine Learning Engineer
"Experienced in Computer Vision, PyTorch, Scikit-learn, Machine Learning, Flask, FastAPI, NLP, Model Deployment, TensorFlow, Python",Machine Learning Engineer
"Experienced in TensorFlow, Flask, Deep Learning, NLP, PyTorch, FastAPI, Model Deployment, Computer Vision, Machine Learning, Python, Docker, Scikit-learn",Machine Learning Engineer
"Experienced in Deep Learning, FastAPI, Machine Learning, PyTorch, Model Deployment, Python, Computer Vision, Flask, NLP, TensorFlow, Scikit-learn",Machine Learning Engineer
"Experienced in Machine Learning, Scikit-learn, Model Deployment, Computer Vision, NLP, PyTorch, Python, FastAPI, Docker",Machine Learning Engineer
"Experienced in Model Deployment, Deep Learning, TensorFlow, Scikit-learn, FastAPI, Docker, NLP, Computer Vision, Machine Learning, PyTorch",Machine Learning Engineer
"Experienced in Machine Learning, Flask, Scikit-learn, TensorFlow, FastAPI, Deep Learning, Computer Vision, NLP, Python, Model Deployment",Machine Learning Engineer
"Experienced in PyTorch, Model Deployment, Python, FastAPI, Flask, Machine Learning, Deep Learning, TensorFlow",Machine Learning Engineer
"Experienced in FastAPI, Model Deployment, Flask, PyTorch, Machine Learning, Computer Vision, Docker, Scikit-learn, Deep Learning, TensorFlow, NLP, Python",Machine Learning Engineer
"Experienced in Docker, Flask, TensorFlow, FastAPI, NLP, Python, Machine Learning, Model Deployment",Machine Learning Engineer
"Experienced in Scikit-learn, Flask, Deep Learning, Docker, PyTorch, NLP, Computer Vision, FastAPI, Machine Learning, TensorFlow, Python, Model Deployment",Machine Learning Engineer
"Experienced in Model Deployment, PyTorch, TensorFlow, Scikit-learn, Docker, NLP, Computer Vision, Flask",Machine Learning Engineer
"Experienced in Python, Deep Learning, Computer Vision, Scikit-learn, Docker, Model Deployment, TensorFlow, Flask, Machine Learning",Machine Learning Engineer
"Experienced in Machine Learning, NLP, Python, FastAPI, TensorFlow, Computer Vision, Model Deployment, Scikit-learn, Flask, PyTorch, Docker, Deep Learning",Machine Learning Engineer
"Experienced in Python, Model Deployment, NLP, Machine Learning, Deep Learning, Scikit-learn, TensorFlow, Docker, Flask",Machine Learning Engineer
"Experienced in PyTorch, Flask, Deep Learning, FastAPI, NLP, Model Deployment, Scikit-learn, Python, TensorFlow",Machine Learning Engineer
"Experienced in TensorFlow, Computer Vision, Flask, Scikit-learn, Docker, NLP, Model Deployment, Deep Learning, FastAPI, Python",Machine Learning Engineer
"Experienced in FastAPI, Docker, NLP, TensorFlow, PyTorch, Scikit-learn, Deep Learning, Computer Vision, Python, Flask",Machine Learning Engineer
"Experienced in Flask, Python, Scikit-learn, Computer Vision, TensorFlow, Deep Learning, PyTorch, NLP",Machine Learning Engineer
"Experienced in Scikit-learn, Python, PyTorch, Computer Vision, Deep Learning, FastAPI, TensorFlow, Flask, NLP, Model Deployment",Machine Learning Engineer
"Experienced in TensorFlow, Docker, Scikit-learn, Model Deployment, Flask, Deep Learning, Python, Computer Vision, FastAPI, Machine Learning, NLP",Machine Learning Engineer
"Experienced in Computer Vision, Flask, TensorFlow, Deep Learning, PyTorch, Machine Learning, Docker, Python, FastAPI, Model Deployment, NLP",Machine Learning Engineer
"Experienced in FastAPI, TensorFlow, Machine Learning, PyTorch, Scikit-learn, Flask, NLP, Model Deployment, Docker, Computer Vision",Machine Learning Engineer
"Experienced in Deep Learning, Scikit-learn, Model Deployment, TensorFlow, NLP, Python, Computer Vision, Machine Learning, FastAPI, PyTorch",Machine Learning Engineer
"Experienced in TensorFlow, Deep Learning, Model Deployment, FastAPI, Flask, Computer Vision, Scikit-learn, NLP, Machine Learning",Machine Learning Engineer
"Experienced in TensorFlow, Model Deployment, Machine Learning, Python, Docker, Deep Learning, FastAPI, Computer Vision, NLP, PyTorch",Machine Learning Engineer
"Experienced in PyTorch, Scikit-learn, Flask, Computer Vision, Machine Learning, TensorFlow, NLP, Deep Learning, Model Deployment, Python, Docker",Machine Learning Engineer
"Experienced in Computer Vision, Machine Learning, Python, Model Deployment, PyTorch, FastAPI, TensorFlow, Docker, Scikit-learn, NLP, Flask",Machine Learning Engineer
"Experienced in Docker, Python, Deep Learning, PyTorch, Flask, TensorFlow, NLP, Model Deployment, Computer Vision",Machine Learning Engineer
"Experienced in Python, Docker, TensorFlow, Deep Learning, Scikit-learn, FastAPI, Flask, Model Deployment",Machine Learning Engineer
"Experienced in Machine Learning, FastAPI, Computer Vision, PyTorch, TensorFlow, Scikit-learn, Flask, Python, Model Deployment, Docker",Machine Learning Engineer
"Experienced in Flask, Deep Learning, FastAPI, NLP, Computer Vision, PyTorch, Python, TensorFlow, Machine Learning",Machine Learning Engineer
"Experienced in Python, Model Deployment, Machine Learning, Computer Vision, NLP, Docker, PyTorch, Scikit-learn, FastAPI, Flask, Deep Learning",Machine Learning Engineer
"Experienced in NLP, Machine Learning, Deep Learning, Flask, TensorFlow, Model Deployment, Docker, Computer Vision, PyTorch, Scikit-learn",Machine Learning Engineer
"Experienced in Computer Vision, FastAPI, NLP, Machine Learning, PyTorch, Flask, Docker, TensorFlow, Scikit-learn",Machine Learning Engineer
"Experienced in Scikit-learn, NLP, Flask, FastAPI, Python, PyTorch, Docker, TensorFlow",Machine Learning Engineer
"Experienced in NLP, Docker, TensorFlow, Flask, Python, Computer Vision, PyTorch, Scikit-learn",Machine Learning Engineer
"Experienced in Machine Learning, TensorFlow, FastAPI, NLP, Scikit-learn, Python, Deep Learning, Model Deployment",Machine Learning Engineer
"Experienced in Model Deployment, Docker, Machine Learning, Scikit-learn, Flask, Deep Learning, Python, TensorFlow, PyTorch, FastAPI, Computer Vision",Machine Learning Engineer
"Experienced in NLP, Docker, Machine Learning, Python, Computer Vision, Flask, TensorFlow, Deep Learning, FastAPI, PyTorch",Machine Learning Engineer
"Experienced in Model Deployment, FastAPI, Computer Vision, Docker, TensorFlow, Python, Machine Learning, NLP, PyTorch",Machine Learning Engineer
"Experienced in PyTorch, Model Deployment, Scikit-learn, Machine Learning, TensorFlow, Docker, NLP, Python, Deep Learning",Machine Learning Engineer
"Experienced in Deep Learning, Computer Vision, FastAPI, Python, Machine Learning, TensorFlow, Docker, Model Deployment, Flask, NLP, PyTorch",Machine Learning Engineer
"Experienced in Deep Learning, Docker, NLP, Computer Vision, Scikit-learn, Python, FastAPI, Model Deployment, PyTorch, Machine Learning, TensorFlow, Flask",Machine Learning Engineer
"Experienced in Machine Learning, Docker, Scikit-learn, Deep Learning, PyTorch, NLP, Model Deployment, Flask",Machine Learning Engineer
"Experienced in FastAPI, Deep Learning, Model Deployment, Computer Vision, Scikit-learn, NLP, PyTorch, TensorFlow, Docker, Flask, Machine Learning, Python",Machine Learning Engineer
"Experienced in Scikit-learn, Machine Learning, Python, Docker, Model Deployment, Computer Vision, Flask, TensorFlow, FastAPI, NLP",Machine Learning Engineer
"Experienced in Machine Learning, Deep Learning, Python, PyTorch, Scikit-learn, Flask, Model Deployment, Docker",Machine Learning Engineer
"Experienced in Computer Vision, Flask, FastAPI, Deep Learning, Machine Learning, Model Deployment, Python, TensorFlow, Docker, PyTorch",Machine Learning Engineer
"Experienced in Flask, PyTorch, TensorFlow, Scikit-learn, Deep Learning, FastAPI, Docker, NLP, Computer Vision, Model Deployment, Python",Machine Learning Engineer
"Experienced in Flask, Scikit-learn, Deep Learning, PyTorch, Python, Machine Learning, NLP, TensorFlow, Model Deployment, FastAPI, Computer Vision, Docker",Machine Learning Engineer
"Experienced in Python, Model Deployment, Deep Learning, Computer Vision, TensorFlow, PyTorch, Flask, Machine Learning, NLP, Docker",Machine Learning Engineer
"Experienced in TensorFlow, PyTorch, Computer Vision, Deep Learning, Machine Learning, Model Deployment, NLP, Flask, FastAPI",Machine Learning Engineer
"Experienced in FastAPI, PyTorch, Machine Learning, Python, Model Deployment, TensorFlow, Scikit-learn, Docker, NLP, Computer Vision, Flask, Deep Learning",Machine Learning Engineer
"Experienced in Docker, Scikit-learn, Flask, Python, Deep Learning, TensorFlow, Machine Learning, FastAPI, Model Deployment, PyTorch, Computer Vision",Machine Learning Engineer
"Experienced in NLP, PyTorch, Model Deployment, Deep Learning, Docker, FastAPI, Python, TensorFlow, Scikit-learn, Computer Vision, Flask, Machine Learning",Machine Learning Engineer
"Experienced in NLP, Machine Learning, Python, PyTorch, FastAPI, Deep Learning, Model Deployment, Scikit-learn, Computer Vision",Machine Learning Engineer
"Experienced in Machine Learning, Scikit-learn, Flask, PyTorch, Computer Vision, Model Deployment, Deep Learning, Docker",Machine Learning Engineer
"Experienced in Computer Vision, PyTorch, Python, Deep Learning, TensorFlow, Docker, NLP, Machine Learning, Scikit-learn, Flask",Machine Learning Engineer
"Experienced in Python, Deep Learning, PyTorch, Machine Learning, Flask, NLP, TensorFlow, Model Deployment",Machine Learning Engineer
"Experienced in Scikit-learn, Deep Learning, Flask, FastAPI, Machine Learning, Model Deployment, Docker, PyTorch, NLP, TensorFlow",Machine Learning Engineer
"Experienced in Deep Learning, NLP, Model Deployment, Flask, PyTorch, Docker, Scikit-learn, FastAPI",Machine Learning Engineer
"Experienced in Computer Vision, Deep Learning, TensorFlow, Flask, Model Deployment, Docker, Python, NLP, PyTorch",Machine Learning Engineer
"Experienced in PyTorch, Computer Vision, Model Deployment, FastAPI, Scikit-learn, NLP, Deep Learning, Flask",Machine Learning Engineer
"Experienced in Python, NLP, Machine Learning, Docker, PyTorch, Scikit-learn, Flask, FastAPI, Deep Learning",Machine Learning Engineer
"Experienced in Deep Learning, Flask, Scikit-learn, Python, TensorFlow, Machine Learning, Computer Vision, PyTorch",Machine Learning Engineer
"Experienced in Deep Learning, NLP, FastAPI, PyTorch, Python, Model Deployment, Docker, Computer Vision, TensorFlow, Flask, Scikit-learn",Machine Learning Engineer
"Experienced in Python, Deep Learning, Flask, NLP, Machine Learning, Model Deployment, FastAPI, TensorFlow, Docker, Scikit-learn",Machine Learning Engineer
"Experienced in Computer Vision, Docker, Scikit-learn, Flask, Python, Deep Learning, FastAPI, NLP, TensorFlow, Machine Learning",Machine Learning Engineer
"Experienced in Model Deployment, Python, NLP, Deep Learning, Computer Vision, Machine Learning, PyTorch, Docker, TensorFlow, Flask, Scikit-learn",Machine Learning Engineer
"Experienced in TensorFlow, FastAPI, Docker, Python, PyTorch, Scikit-learn, Flask, NLP, Machine Learning, Deep Learning, Model Deployment",Machine Learning Engineer
"Experienced in Machine Learning, FastAPI, Computer Vision, NLP, Python, PyTorch, Model Deployment, TensorFlow, Flask, Deep Learning, Docker",Machine Learning Engineer
"Experienced in Computer Vision, Python, PyTorch, Scikit-learn, NLP, Deep Learning, Machine Learning, Flask",Machine Learning Engineer
"Experienced in Flask, Scikit-learn, Python, PyTorch, Model Deployment, Machine Learning, Deep Learning, FastAPI, Docker",Machine Learning Engineer
"Experienced in Scikit-learn, Flask, Model Deployment, Machine Learning, Deep Learning, FastAPI, Python, NLP, Docker, PyTorch, Computer Vision, TensorFlow",Machine Learning Engineer
"Experienced in FastAPI, Python, NLP, Scikit-learn, Model Deployment, TensorFlow, Deep Learning, Docker",Machine Learning Engineer
"Experienced in Model Deployment, Machine Learning, PyTorch, Deep Learning, Computer Vision, Docker, NLP, Flask",Machine Learning Engineer
"Experienced in NLP, Machine Learning, Deep Learning, Scikit-learn, PyTorch, Flask, Computer Vision, TensorFlow, FastAPI, Python",Machine Learning Engineer
"Experienced in Deep Learning, Docker, Scikit-learn, Model Deployment, NLP, Computer Vision, Flask, Python, Machine Learning, FastAPI",Machine Learning Engineer
"Experienced in TensorFlow, NLP, Docker, Python, Deep Learning, Computer Vision, PyTorch, Machine Learning, Scikit-learn",Machine Learning Engineer
"Experienced in TensorFlow, FastAPI, Flask, Scikit-learn, Docker, Computer Vision, NLP, Python",Machine Learning Engineer
"Experienced in TensorFlow, Model Deployment, Computer Vision, Flask, PyTorch, Docker, Deep Learning, FastAPI, Python, Scikit-learn",Machine Learning Engineer
"Experienced in PyTorch, Flask, TensorFlow, FastAPI, Model Deployment, Deep Learning, NLP, Machine Learning, Computer Vision, Python, Docker",Machine Learning Engineer
"Experienced in Model Deployment, PyTorch, Deep Learning, Python, NLP, Docker, Computer Vision, Machine Learning, FastAPI",Machine Learning Engineer
"Experienced in NLP, Machine Learning, Docker, Deep Learning, TensorFlow, Flask, Scikit-learn, Model Deployment, PyTorch, Python, FastAPI",Machine Learning Engineer
"Experienced in NLP, Docker, Model Deployment, Python, TensorFlow, PyTorch, Computer Vision, Flask, Scikit-learn, FastAPI, Deep Learning, Machine Learning",Machine Learning Engineer
"Experienced in PyTorch, Computer Vision, NLP, TensorFlow, Python, Model Deployment, Flask, Scikit-learn, Machine Learning, Deep Learning",Machine Learning Engineer
"Experienced in Machine Learning, FastAPI, Python, PyTorch, Scikit-learn, NLP, Model Deployment, Computer Vision, TensorFlow",Machine Learning Engineer
"Experienced in Deep Learning, Machine Learning, Python, Computer Vision, Docker, Scikit-learn, FastAPI, Flask, TensorFlow, Model Deployment",Machine Learning Engineer
"Experienced in Flask, Computer Vision, PyTorch, Python, FastAPI, NLP, Docker, Machine Learning",Machine Learning Engineer
"Experienced in Docker, FastAPI, Machine Learning, PyTorch, Computer Vision, Deep Learning, Scikit-learn, Flask, TensorFlow",Machine Learning Engineer
"Experienced in Flask, Machine Learning, PyTorch, NLP, Docker, TensorFlow, Model Deployment, FastAPI, Computer Vision, Python, Deep Learning, Scikit-learn",Machine Learning Engineer
"Experienced in NLP, TensorFlow, Python, FastAPI, Computer Vision, Scikit-learn, Docker, PyTorch",Machine Learning Engineer
"Experienced in NLP, Flask, Docker, PyTorch, Deep Learning, TensorFlow, Computer Vision, Machine Learning",Machine Learning Engineer
"Experienced in Deep Learning, PyTorch, Model Deployment, Machine Learning, FastAPI, TensorFlow, Python, Flask",Machine Learning Engineer
"Experienced in Flask, Model Deployment, Computer Vision, Docker, Scikit-learn, PyTorch, Machine Learning, FastAPI, Python, NLP",Machine Learning Engineer
"Experienced in Data Cleaning, Data Visualization, Pandas, SQL, Python, Business Intelligence, Tableau, Power BI, Excel, Statistics",Data Analyst
"Experienced in Excel, Python, Business Intelligence, Power BI, Data Cleaning, Pandas, Statistics, SQL, Data Visualization, Tableau",Data Analyst
"Experienced in Power BI, Pandas, SQL, Excel, Business Intelligence, Tableau, Data Cleaning, Python, Data Visualization",Data Analyst
"Experienced in Python, Excel, Pandas, Data Cleaning, Power BI, Business Intelligence, SQL, Tableau",Data Analyst
"Experienced in Pandas, Statistics, Excel, Python, Business Intelligence, Power BI, Data Visualization, Tableau, Data Cleaning, SQL",Data Analyst
"Experienced in Data Visualization, Python, Statistics, Power BI, Business Intelligence, Data Cleaning, SQL, Pandas, Tableau, Excel",Data Analyst
"Experienced in SQL, Python, Tableau, Data Cleaning, Statistics, Pandas, Excel, Business Intelligence, Data Visualization, Power BI",Data Analyst
"Experienced in Data Visualization, Business Intelligence, Power BI, Tableau, SQL, Python, Statistics, Excel, Pandas",Data Analyst
"Experienced in Pandas, Statistics, Data Visualization, Business Intelligence, Data Cleaning, SQL, Excel, Tableau, Python, Power BI",Data Analyst
"Experienced in SQL, Statistics, Business Intelligence, Data Visualization, Excel, Python, Tableau, Pandas, Data Cleaning, Power BI",Data Analyst
"Experienced in Statistics, Data Visualization, Data Cleaning, SQL, Business Intelligence, Power BI, Excel, Tableau, Pandas",Data Analyst
"Experienced in Pandas, Tableau, Business Intelligence, Excel, SQL, Statistics, Python, Data Visualization, Data Cleaning, Power BI",Data Analyst
"Experienced in Business Intelligence, Statistics, Tableau, Power BI, Data Visualization, Excel, Data Cleaning, SQL, Pandas",Data Analyst
"Experienced in Pandas, Tableau, Statistics, Python, Data Visualization, SQL, Power BI, Excel, Business Intelligence, Data Cleaning",Data Analyst
"Experienced in Power BI, Data Cleaning, Python, Pandas, Statistics, Excel, Data Visualization, SQL, Business Intelligence, Tableau",Data Analyst
"Experienced in Pandas, Tableau, Statistics, Power BI, Business Intelligence, Excel, Python, Data Visualization, SQL, Data Cleaning",Data Analyst
"Experienced in SQL, Data Visualization, Statistics, Tableau, Python, Power BI, Business Intelligence, Data Cleaning, Excel, Pandas",Data Analyst
"Experienced in Python, Power BI, Data Visualization, Business Intelligence, Tableau, Data Cleaning, Statistics, Excel",Data Analyst
"Experienced in Excel, Data Visualization, Tableau, Business Intelligence, Power BI, Data Cleaning, Pandas, Statistics, SQL, Python",Data Analyst
"Experienced in Python, Data Cleaning, Pandas, Statistics, Power BI, Data Visualization, Business Intelligence, Tableau, Excel, SQL",Data Analyst
"Experienced in Data Visualization, Python, Data Cleaning, Statistics, Pandas, Excel, SQL, Tableau",Data Analyst
"Experienced in SQL, Data Visualization, Excel, Statistics, Business Intelligence, Pandas, Tableau, Data Cleaning, Python",Data Analyst
"Experienced in Data Visualization, Python, Data Cleaning, Tableau, Statistics, Business Intelligence, Excel, Power BI, Pandas, SQL",Data Analyst
"Experienced in Data Cleaning, Tableau, Data Visualization, Pandas, Python, Excel, SQL, Business Intelligence, Statistics, Power BI",Data Analyst
"Experienced in Pandas, Tableau, Statistics, Data Visualization, Power BI, Data Cleaning, Python, SQL, Excel, Business Intelligence",Data Analyst
"Experienced in Data Cleaning, Tableau, Business Intelligence, Power BI, SQL, Excel, Pandas, Python, Data Visualization, Statistics",Data Analyst
"Experienced in Business Intelligence, Power BI, Python, Data Cleaning, Data Visualization, Tableau, Pandas, SQL, Excel, Statistics",Data Analyst
"Experienced in Pandas, Data Visualization, Business Intelligence, Data Cleaning, Power BI, Statistics, Excel, SQL, Python, Tableau",Data Analyst
"Experienced in SQL, Data Cleaning, Data Visualization, Statistics, Business Intelligence, Excel, Pandas, Tableau, Power BI, Python",Data Analyst
"Experienced in Excel, Tableau, Pandas, SQL, Power BI, Python, Business Intelligence, Statistics, Data Visualization, Data Cleaning",Data Analyst
"Experienced in Pandas, Statistics, Data Cleaning, Data Visualization, SQL, Power BI, Python, Excel, Tableau, Business Intelligence",Data Analyst
"Experienced in Excel, SQL, Tableau, Business Intelligence, Power BI, Data Visualization, Data Cleaning, Python, Pandas, Statistics",Data Analyst
"Experienced in Excel, SQL, Pandas, Tableau, Business Intelligence, Statistics, Data Cleaning, Power BI, Python, Data Visualization",Data Analyst
"Experienced in Tableau, Data Visualization, SQL, Business Intelligence, Pandas, Excel, Power BI, Data Cleaning, Statistics, Python",Data Analyst
"Experienced in Tableau, Excel, Business Intelligence, SQL, Data Cleaning, Python, Power BI, Statistics, Pandas, Data Visualization",Data Analyst
"Experienced in Data Cleaning, Power BI, Pandas, Python, Tableau, SQL, Statistics, Excel",Data Analyst
"Experienced in Python, Tableau, Excel, SQL, Business Intelligence, Data Visualization, Pandas, Statistics, Power BI, Data Cleaning",Data Analyst
"Experienced in Tableau, Data Cleaning, Excel, Data Visualization, Pandas, Python, Power BI, Statistics, SQL, Business Intelligence",Data Analyst
"Experienced in Statistics, Tableau, Pandas, Power BI, Python, Business Intelligence, Data Cleaning, SQL, Data Visualization",Data Analyst
"Experienced in Python, Power BI, Data Cleaning, Data Visualization, SQL, Tableau, Pandas, Excel, Business Intelligence",Data Analyst
"Experienced in Excel, Statistics, SQL, Power BI, Pandas, Data Cleaning, Business Intelligence, Data Visualization, Python",Data Analyst
"Experienced in Data Cleaning, SQL, Business Intelligence, Tableau, Python, Pandas, Power BI, Excel, Statistics, Data Visualization",Data Analyst
"Experienced in Pandas, Data Visualization, Python, Excel, Tableau, Data Cleaning, Business Intelligence, Power BI, SQL, Statistics",Data Analyst
"Experienced in SQL, Pandas, Excel, Data Visualization, Tableau, Business Intelligence, Statistics, Power BI, Python, Data Cleaning",Data Analyst
"Experienced in Data Cleaning, Tableau, Python, SQL, Business Intelligence, Power BI, Statistics, Pandas",Data Analyst
"Experienced in Data Cleaning, Excel, Pandas, Statistics, Data Visualization, Python, Business Intelligence, Power BI",Data Analyst
"Experienced in Tableau, SQL, Data Cleaning, Statistics, Pandas, Data Visualization, Python, Power BI, Business Intelligence, Excel",Data Analyst
"Experienced in Tableau, Python, Power BI, Business Intelligence, Excel, Data Visualization, SQL, Pandas, Statistics, Data Cleaning",Data Analyst
"Experienced in Business Intelligence, Statistics, SQL, Power BI, Data Visualization, Data Cleaning, Tableau, Python, Excel, Pandas",Data Analyst
"Experienced in Excel, Pandas, Power BI, Data Cleaning, Business Intelligence, Python, Tableau, SQL, Data Visualization, Statistics",Data Analyst
"Experienced in Data Cleaning, Python, Data Visualization, Power BI, SQL, Pandas, Tableau, Statistics",Data Analyst
"Experienced in Statistics, Python, Pandas, Data Visualization, Data Cleaning, Excel, Tableau, SQL, Business Intelligence, Power BI",Data Analyst
"Experienced in Power BI, Excel, Tableau, Statistics, Data Visualization, SQL, Pandas, Data Cleaning, Python, Business Intelligence",Data Analyst
"Experienced in Python, Data Cleaning, Pandas, Data Visualization, Statistics, Tableau, Business Intelligence, SQL",Data Analyst
"Experienced in Statistics, Excel, Pandas, Business Intelligence, Power BI, Data Visualization, SQL, Data Cleaning, Python",Data Analyst
"Experienced in Excel, Statistics, Data Visualization, Tableau, Pandas, SQL, Business Intelligence, Data Cleaning, Python",Data Analyst
"Experienced in Statistics, Excel, Business Intelligence, SQL, Power BI, Data Cleaning, Python, Data Visualization, Tableau",Data Analyst
"Experienced in Excel, SQL, Python, Statistics, Pandas, Tableau, Business Intelligence, Data Visualization, Power BI",Data Analyst
"Experienced in Excel, Statistics, SQL, Data Cleaning, Pandas, Business Intelligence, Python, Data Visualization",Data Analyst
"Experienced in Statistics, Pandas, Power BI, SQL, Python, Tableau, Data Visualization, Business Intelligence, Data Cleaning, Excel",Data Analyst
"Experienced in Data Cleaning, Python, Business Intelligence, Excel, Tableau, Power BI, Data Visualization, Pandas, Statistics, SQL",Data Analyst
"Experienced in Power BI, Data Visualization, Python, Pandas, SQL, Business Intelligence, Statistics, Tableau, Data Cleaning",Data Analyst
"Experienced in Data Visualization, SQL, Statistics, Business Intelligence, Python, Excel, Data Cleaning, Pandas, Tableau, Power BI",Data Analyst
"Experienced in Data Cleaning, Power BI, Excel, SQL, Python, Data Visualization, Tableau, Pandas, Business Intelligence",Data Analyst
"Experienced in Python, Statistics, Pandas, Tableau, Power BI, Data Cleaning, Data Visualization, Excel, Business Intelligence, SQL",Data Analyst
"Experienced in Python, Tableau, Data Visualization, Excel, Statistics, SQL, Data Cleaning, Business Intelligence, Power BI, Pandas",Data Analyst
"Experienced in SQL, Power BI, Business Intelligence, Python, Pandas, Statistics, Data Visualization, Tableau, Data Cleaning, Excel",Data Analyst
"Experienced in Data Cleaning, Python, SQL, Power BI, Excel, Statistics, Data Visualization, Business Intelligence, Tableau, Pandas",Data Analyst
"Experienced in Power BI, Business Intelligence, Data Visualization, Statistics, Tableau, Python, Pandas, SQL, Data Cleaning, Excel",Data Analyst
"Experienced in Power BI, Data Visualization, Excel, Python, Data Cleaning, Statistics, Pandas, Tableau, SQL, Business Intelligence",Data Analyst
"Experienced in Statistics, Python, Data Cleaning, Data Visualization, Excel, Power BI, SQL, Business Intelligence",Data Analyst
"Experienced in Tableau, Data Visualization, Python, Pandas, Power BI, SQL, Statistics, Excel, Business Intelligence, Data Cleaning",Data Analyst
"Experienced in Data Cleaning, Business Intelligence, Pandas, Excel, Statistics, Python, Data Visualization, Tableau, Power BI, SQL",Data Analyst
"Experienced in Data Visualization, Excel, Python, Power BI, Data Cleaning, Business Intelligence, SQL, Tableau, Pandas, Statistics",Data Analyst
"Experienced in Power BI, Python, Pandas, SQL, Data Cleaning, Tableau, Statistics, Business Intelligence, Excel, Data Visualization",Data Analyst
"Experienced in Pandas, Data Visualization, Business Intelligence, SQL, Tableau, Power BI, Python, Statistics, Data Cleaning",Data Analyst
"Experienced in Statistics, Excel, Power BI, Business Intelligence, Data Cleaning, SQL, Pandas, Tableau, Python, Data Visualization",Data Analyst
"Experienced in Excel, Data Visualization, SQL, Tableau, Business Intelligence, Power BI, Statistics, Data Cleaning, Python",Data Analyst
"Experienced in Tableau, Business Intelligence, Data Visualization, SQL, Power BI, Pandas, Data Cleaning, Excel, Statistics, Python",Data Analyst
"Experienced in Tableau, Python, Statistics, Excel, Power BI, Business Intelligence, Data Cleaning, SQL, Pandas, Data Visualization",Data Analyst
"Experienced in Statistics, Business Intelligence, Data Cleaning, Pandas, Excel, Tableau, SQL, Power BI, Data Visualization, Python",Data Analyst
"Experienced in Data Visualization, Power BI, Tableau, Data Cleaning, Python, Pandas, SQL, Excel, Statistics, Business Intelligence",Data Analyst
"Experienced in Tableau, Pandas, Python, Data Visualization, Statistics, Data Cleaning, Power BI, SQL",Data Analyst
"Experienced in Data Cleaning, Data Visualization, Tableau, Statistics, Python, Business Intelligence, Power BI, SQL, Pandas, Excel",Data Analyst
"Experienced in Business Intelligence, Data Cleaning, Excel, Pandas, Data Visualization, SQL, Statistics, Tableau, Power BI, Python",Data Analyst
"Experienced in Business Intelligence, Tableau, Data Visualization, Pandas, Statistics, Data Cleaning, Power BI, Excel, Python, SQL",Data Analyst
"Experienced in SQL, Excel, Data Cleaning, Data Visualization, Business Intelligence, Tableau, Python, Statistics, Power BI, Pandas",Data Analyst
"Experienced in Business Intelligence, Tableau, Statistics, Data Cleaning, Excel, Data Visualization, Power BI, Python, SQL, Pandas",Data Analyst
"Experienced in Business Intelligence, Data Visualization, SQL, Excel, Python, Power BI, Pandas, Data Cleaning, Tableau",Data Analyst
"Experienced in Power BI, Python, Data Visualization, Statistics, Business Intelligence, Excel, Tableau, Pandas, Data Cleaning, SQL",Data Analyst
"Experienced in Power BI, SQL, Business Intelligence, Python, Tableau, Pandas, Excel, Data Cleaning, Statistics",Data Analyst
"Experienced in Statistics, Business Intelligence, Excel, Python, Data Visualization, Data Cleaning, Pandas, SQL, Power BI",Data Analyst
"Experienced in Tableau, Python, Data Cleaning, Business Intelligence, Excel, Data Visualization, Power BI, Pandas, SQL, Statistics",Data Analyst
"Experienced in Pandas, SQL, Data Visualization, Data Cleaning, Tableau, Python, Statistics, Excel, Business Intelligence, Power BI",Data Analyst
"Experienced in Data Visualization, Data Cleaning, Business Intelligence, Python, Statistics, SQL, Power BI, Pandas, Excel, Tableau",Data Analyst
"Experienced in Data Visualization, Python, Tableau, Pandas, Statistics, Data Cleaning, Excel, Power BI, Business Intelligence, SQL",Data Analyst
"Experienced in Python, Excel, Data Cleaning, SQL, Pandas, Data Visualization, Power BI, Tableau",Data Analyst
"Experienced in Pandas, Data Visualization, Power BI, Business Intelligence, SQL, Statistics, Data Cleaning, Excel",Data Analyst
"Experienced in Statistics, Python, Pandas, Excel, Tableau, SQL, Power BI, Data Cleaning, Business Intelligence, Data Visualization",Data Analyst
"Experienced in SQL, Business Intelligence, Pandas, Python, Excel, Tableau, Data Visualization, Power BI, Data Cleaning",Data Analyst
"Experienced in Docker, Python, Database Management, Django, Authentication, SQL, REST API, Flask, Git, API Development",Backend Developer
"Experienced in Flask, Docker, Git, REST API, Database Management, SQL, API Development, Django, Python",Backend Developer
"Experienced in REST API, Authentication, Database Management, SQL, Python, API Development, Django, Flask, Git",Backend Developer
"Experienced in Database Management, API Development, SQL, Docker, REST API, Django, Python, Authentication, Flask, Git",Backend Developer
"Experienced in Database Management, Django, SQL, Python, API Development, Docker, REST API, Flask, Git, Authentication",Backend Developer
"Experienced in API Development, REST API, Git, SQL, Python, Django, Flask, Database Management",Backend Developer
"Experienced in Python, Authentication, Database Management, Flask, Docker, REST API, SQL, Django, Git, API Development",Backend Developer
"Experienced in Git, REST API, Authentication, Database Management, Flask, SQL, Django, API Development, Docker, Python",Backend Developer
"Experienced in Docker, SQL, API Development, Django, Authentication, Git, Python, Database Management, Flask",Backend Developer
"Experienced in Python, SQL, Flask, Docker, Git, Database Management, Django, Authentication",Backend Developer
"Experienced in Database Management, Python, Django, SQL, API Development, Flask, Git, REST API, Authentication",Backend Developer
"Experienced in Django, Docker, SQL, REST API, Database Management, Git, API Development, Flask, Python, Authentication",Backend Developer
"Experienced in Python, Database Management, Git, REST API, SQL, Docker, Flask, Django",Backend Developer
"Experienced in Python, REST API, Database Management, SQL, Docker, Authentication, Git, Django, Flask",Backend Developer
"Experienced in Django, REST API, API Development, Flask, Docker, Git, Database Management, Python, SQL, Authentication",Backend Developer
"Experienced in Git, Python, REST API, SQL, Docker, Flask, Authentication, API Development, Django, Database Management",Backend Developer
"Experienced in Authentication, Flask, Git, Docker, Django, Database Management, SQL, API Development, Python, REST API",Backend Developer
"Experienced in Python, Database Management, Flask, Authentication, SQL, API Development, Git, REST API, Django, Docker",Backend Developer
"Experienced in Git, Django, SQL, API Development, REST API, Authentication, Database Management, Flask, Python, Docker",Backend Developer
"Experienced in Database Management, Flask, Python, Git, REST API, Django, Docker, Authentication, API Development, SQL",Backend Developer
"Experienced in Authentication, Database Management, SQL, Python, API Development, REST API, Flask, Docker, Git, Django",Backend Developer
"Experienced in Python, Docker, REST API, Django, API Development, Flask, Database Management, Authentication",Backend Developer
"Experienced in Flask, SQL, Django, Database Management, REST API, Python, Authentication, Docker, API Development, Git",Backend Developer
"Experienced in Authentication, Docker, SQL, Flask, REST API, Git, Python, Database Management, API Development, Django",Backend Developer
"Experienced in Database Management, SQL, Git, Authentication, Docker, Django, REST API, Flask",Backend Developer
"Experienced in REST API, Docker, Git, SQL, Python, Flask, Database Management, Authentication, API Development, Django",Backend Developer
"Experienced in Django, Docker, Authentication, Flask, API Development, SQL, Python, REST API, Git, Database Management",Backend Developer
"Experienced in SQL, Docker, API Development, Python, Git, Django, Authentication, Flask, Database Management, REST API",Backend Developer
"Experienced in API Development, Authentication, Flask, Database Management, Django, REST API, Python, Docker, Git",Backend Developer
"Experienced in Database Management, Git, Authentication, REST API, API Development, Django, SQL, Python, Docker",Backend Developer
"Experienced in Flask, Authentication, Git, Docker, Database Management, Python, SQL, REST API",Backend Developer
"Experienced in API Development, SQL, Database Management, Python, Authentication, Django, Flask, Git, REST API, Docker",Backend Developer
"Experienced in Git, API Development, REST API, Authentication, Database Management, SQL, Django, Docker, Python, Flask",Backend Developer
"Experienced in Authentication, Git, Django, REST API, API Development, Docker, Database Management, Flask, SQL, Python",Backend Developer
"Experienced in Database Management, Git, REST API, Python, Flask, API Development, SQL, Docker, Authentication",Backend Developer
"Experienced in Authentication, Git, API Development, Django, SQL, Database Management, Flask, REST API, Python, Docker",Backend Developer
"Experienced in REST API, Python, Authentication, API Development, Database Management, Django, Docker, Git",Backend Developer
"Experienced in Django, Docker, SQL, Flask, Git, Python, API Development, Authentication, REST API",Backend Developer
"Experienced in Git, Docker, Database Management, Authentication, API Development, Flask, SQL, Django, REST API, Python",Backend Developer
"Experienced in REST API, SQL, Database Management, Git, Python, Authentication, API Development, Flask",Backend Developer
"Experienced in Flask, API Development, Python, SQL, Git, Database Management, Authentication, Django, Docker, REST API",Backend Developer
"Experienced in Authentication, SQL, Docker, API Development, REST API, Git, Django, Database Management, Flask, Python",Backend Developer
"Experienced in Flask, Git, Python, Database Management, Docker, REST API, API Development, Authentication",Backend Developer
"Experienced in API Development, Flask, Python, REST API, Django, Docker, Authentication, SQL",Backend Developer
"Experienced in REST API, API Development, Python, Authentication, Flask, SQL, Django, Database Management, Git, Docker",Backend Developer
"Experienced in API Development, Database Management, Python, Authentication, Git, Flask, Docker, SQL, Django, REST API",Backend Developer
"Experienced in SQL, API Development, Django, Python, Docker, Authentication, Git, Database Management, Flask, REST API",Backend Developer
"Experienced in REST API, Database Management, Git, Python, Docker, Django, SQL, Flask",Backend Developer
"Experienced in Django, Authentication, REST API, Docker, Git, Python, Database Management, SQL, API Development",Backend Developer
"Experienced in SQL, Flask, REST API, Git, Django, Database Management, Authentication, API Development, Docker, Python",Backend Developer
"Experienced in SQL, Docker, Database Management, Git, API Development, REST API, Python, Authentication, Django, Flask",Backend Developer
"Experienced in REST API, Django, Python, Docker, Database Management, API Development, SQL, Flask, Authentication, Git",Backend Developer
"Experienced in Authentication, Git, Database Management, Docker, API Development, REST API, Python, SQL, Django, Flask",Backend Developer
"Experienced in Git, Flask, API Development, Django, SQL, Authentication, Python, Database Management, REST API, Docker",Backend Developer
"Experienced in Git, Database Management, Django, Docker, API Development, Flask, REST API, SQL",Backend Developer
"Experienced in Database Management, Flask, REST API, Python, Django, Git, SQL, Docker, API Development, Authentication",Backend Developer
"Experienced in Authentication, Python, API Development, Flask, Database Management, REST API, Git, Docker, Django, SQL",Backend Developer
"Experienced in API Development, Python, Database Management, REST API, SQL, Flask, Docker, Git, Django, Authentication",Backend Developer
"Experienced in SQL, Flask, Authentication, REST API, Docker, API Development, Django, Git",Backend Developer
"Experienced in Flask, API Development, SQL, Python, REST API, Authentication, Docker, Database Management, Git, Django",Backend Developer
"Experienced in Django, Python, Database Management, Docker, API Development, Git, Flask, SQL, Authentication",Backend Developer
"Experienced in Docker, Git, Database Management, REST API, API Development, Flask, SQL, Authentication, Django, Python",Backend Developer
"Experienced in Authentication, Git, Python, SQL, Docker, Database Management, API Development, Django",Backend Developer
"Experienced in Python, Django, REST API, Git, Docker, API Development, Database Management, SQL, Flask",Backend Developer
"Experienced in Authentication, Database Management, Python, Django, API Development, Git, Docker, SQL, Flask, REST API",Backend Developer
"Experienced in REST API, Git, Docker, Python, Flask, Authentication, Django, SQL",Backend Developer
"Experienced in REST API, API Development, Database Management, Flask, Git, Python, Authentication, Django, Docker",Backend Developer
"Experienced in Database Management, SQL, Docker, API Development, Authentication, Python, REST API, Flask, Django, Git",Backend Developer
"Experienced in REST API, SQL, Python, Database Management, Git, Django, API Development, Flask, Docker, Authentication",Backend Developer
"Experienced in Database Management, Authentication, Django, REST API, Docker, API Development, Python, Git, SQL, Flask",Backend Developer
"Experienced in REST API, Git, SQL, Docker, Database Management, API Development, Python, Authentication, Flask, Django",Backend Developer
"Experienced in Authentication, Python, API Development, Git, Docker, Database Management, Flask, REST API, Django",Backend Developer
"Experienced in REST API, SQL, Flask, Database Management, Authentication, API Development, Python, Django",Backend Developer
"Experienced in Flask, Git, Authentication, Database Management, API Development, REST API, Python, Django, Docker, SQL",Backend Developer
"Experienced in REST API, Django, Docker, Authentication, API Development, SQL, Flask, Database Management, Git",Backend Developer
"Experienced in Database Management, REST API, Authentication, Git, Python, Django, Docker, SQL, Flask, API Development",Backend Developer
"Experienced in Authentication, Database Management, API Development, Flask, Git, Python, SQL, Docker, Django, REST API",Backend Developer
"Experienced in Django, SQL, Docker, Python, API Development, Flask, Database Management, Git, Authentication, REST API",Backend Developer
"Experienced in Django, Python, API Development, Git, REST API, SQL, Authentication, Docker, Database Management",Backend Developer
"Experienced in SQL, Docker, Authentication, Django, Git, Python, API Development, REST API",Backend Developer
"Experienced in Authentication, REST API, Flask, Python, Docker, API Development, SQL, Django",Backend Developer
"Experienced in API Development, REST API, Flask, Git, SQL, Docker, Authentication, Python, Database Management, Django",Backend Developer
"Experienced in Git, Flask, API Development, Django, Authentication, Python, REST API, SQL, Database Management",Backend Developer
"Experienced in Docker, API Development, Authentication, Git, Flask, REST API, Database Management, Python, Django, SQL",Backend Developer
"Experienced in Flask, REST API, Authentication, SQL, API Development, Django, Python, Git, Database Management, Docker",Backend Developer
"Experienced in Authentication, Python, REST API, Git, Database Management, Django, SQL, Docker",Backend Developer
"Experienced in Git, Python, SQL, Flask, Django, Database Management, REST API, API Development, Authentication, Docker",Backend Developer
"Experienced in Python, Flask, API Development, SQL, Docker, Authentication, Django, Git, REST API, Database Management",Backend Developer
"Experienced in REST API, Database Management, API Development, Flask, Python, SQL, Authentication, Docker, Django, Git",Backend Developer
"Experienced in Docker, API Development, Python, SQL, Flask, Authentication, REST API, Git, Database Management",Backend Developer
"Experienced in Database Management, Authentication, REST API, Python, API Development, Django, Flask, Docker, Git, SQL",Backend Developer
"Experienced in API Development, REST API, Authentication, SQL, Database Management, Python, Django, Flask, Docker, Git",Backend Developer
"Experienced in Django, Flask, Docker, Python, REST API, Git, Authentication, Database Management",Backend Developer
"Experienced in Database Management, Git, SQL, Django, Python, Authentication, Flask, API Development, Docker, REST API",Backend Developer
"Experienced in Git, Database Management, SQL, Python, REST API, API Development, Authentication, Django, Flask",Backend Developer
"Experienced in Database Management, Flask, Python, Django, SQL, REST API, Git, Docker, Authentication, API Development",Backend Developer
"Experienced in Git, Docker, Python, Authentication, Database Management, SQL, Flask, API Development, Django, REST API",Backend Developer
"Experienced in API Development, Flask, REST API, Git, Database Management, Docker, SQL, Django, Python, Authentication",Backend Developer
"Experienced in Git, Database Management, API Development, Flask, Docker, REST API, Python, Django, Authentication, SQL",Backend Developer
"Experienced in Database Management, Authentication, Django, REST API, SQL, Docker, Flask, Git, API Development",Backend Developer
"Experienced in Data Engineering, PyTorch, Deep Learning, Cloud Computing, APIs, MLOps, Docker, Computer Vision, Machine Learning, Kubernetes, Model Deployment, NLP",AI Engineer
"Experienced in Data Engineering, MLOps, APIs, Machine Learning, Computer Vision, Cloud Computing, Deep Learning, TensorFlow, Python, Docker, NLP, Model Deployment",AI Engineer
"Experienced in Kubernetes, Machine Learning, PyTorch, Python, Data Engineering, Computer Vision, Deep Learning, Cloud Computing, NLP, Model Deployment",AI Engineer
"Experienced in Python, TensorFlow, Deep Learning, Model Deployment, Computer Vision, NLP, Data Engineering, PyTorch, Docker, MLOps",AI Engineer
"Experienced in Data Engineering, PyTorch, Cloud Computing, Kubernetes, Docker, MLOps, Python, Machine Learning, Computer Vision, Model Deployment",AI Engineer
"Experienced in NLP, Data Engineering, Deep Learning, Kubernetes, Machine Learning, TensorFlow, Python, PyTorch",AI Engineer
"Experienced in Cloud Computing, MLOps, Data Engineering, TensorFlow, Model Deployment, PyTorch, Machine Learning, Deep Learning, APIs, Python, Computer Vision, Kubernetes",AI Engineer
"Experienced in Data Engineering, TensorFlow, Computer Vision, PyTorch, Docker, Python, APIs, Model Deployment, Cloud Computing, NLP, Kubernetes, MLOps",AI Engineer
"Experienced in Kubernetes, MLOps, Cloud Computing, TensorFlow, PyTorch, Docker, Python, Data Engineering, Computer Vision, Deep Learning, Machine Learning",AI Engineer
"Experienced in APIs, Deep Learning, Docker, Python, Kubernetes, MLOps, Cloud Computing, TensorFlow",AI Engineer
"Experienced in Cloud Computing, Python, PyTorch, Computer Vision, TensorFlow, Machine Learning, Data Engineering, MLOps, Model Deployment, Deep Learning",AI Engineer
"Experienced in MLOps, Python, APIs, Deep Learning, Data Engineering, Machine Learning, Computer Vision, Model Deployment, NLP, Kubernetes",AI Engineer
"Experienced in Cloud Computing, TensorFlow, MLOps, Computer Vision, APIs, Machine Learning, PyTorch, Data Engineering, NLP",AI Engineer
"Experienced in Deep Learning, Machine Learning, TensorFlow, NLP, Model Deployment, Docker, Kubernetes, Computer Vision",AI Engineer
"Experienced in Machine Learning, Cloud Computing, NLP, TensorFlow, Docker, PyTorch, Data Engineering, Python, Kubernetes",AI Engineer
"Experienced in Data Engineering, PyTorch, Kubernetes, Computer Vision, Python, Machine Learning, Docker, Cloud Computing, NLP",AI Engineer
"Experienced in Computer Vision, Kubernetes, Model Deployment, Machine Learning, MLOps, Data Engineering, Docker, Python, APIs, Cloud Computing",AI Engineer
"Experienced in Model Deployment, Docker, Kubernetes, Deep Learning, Data Engineering, Machine Learning, Computer Vision, Cloud Computing",AI Engineer
"Experienced in Python, APIs, Deep Learning, MLOps, Cloud Computing, PyTorch, Docker, TensorFlow",AI Engineer
"Experienced in Cloud Computing, Computer Vision, Machine Learning, Docker, APIs, Model Deployment, Kubernetes, MLOps, Deep Learning, PyTorch, TensorFlow, NLP",AI Engineer
"Experienced in Deep Learning, Data Engineering, PyTorch, Docker, Cloud Computing, MLOps, Python, Machine Learning",AI Engineer
"Experienced in PyTorch, Model Deployment, Kubernetes, Cloud Computing, Deep Learning, Data Engineering, Docker, Machine Learning",AI Engineer
"Experienced in Docker, Model Deployment, TensorFlow, Computer Vision, NLP, Data Engineering, MLOps, Deep Learning, Python, Cloud Computing, APIs",AI Engineer
"Experienced in PyTorch, Kubernetes, Machine Learning, Docker, NLP, Cloud Computing, APIs, Data Engineering, Python, Computer Vision, MLOps, Deep Learning",AI Engineer
"Experienced in MLOps, Deep Learning, PyTorch, Data Engineering, Model Deployment, Computer Vision, NLP, APIs, TensorFlow, Cloud Computing, Python, Machine Learning",AI Engineer
"Experienced in Cloud Computing, APIs, Computer Vision, PyTorch, Machine Learning, MLOps, Model Deployment, Kubernetes, TensorFlow, NLP, Deep Learning, Data Engineering",AI Engineer
"Experienced in Model Deployment, APIs, PyTorch, Docker, Data Engineering, MLOps, Computer Vision, Python, NLP",AI Engineer
"Experienced in TensorFlow, Computer Vision, Data Engineering, NLP, Machine Learning, PyTorch, Python, APIs, Model Deployment, Kubernetes, Docker",AI Engineer
"Experienced in Docker, Computer Vision, Machine Learning, Cloud Computing, Kubernetes, Python, NLP, PyTorch",AI Engineer
"Experienced in Computer Vision, TensorFlow, MLOps, Cloud Computing, APIs, NLP, Deep Learning, Python, Model Deployment, Kubernetes",AI Engineer
"Experienced in Python, PyTorch, Deep Learning, Cloud Computing, Data Engineering, Machine Learning, Computer Vision, MLOps, APIs",AI Engineer
"Experienced in Python, TensorFlow, Computer Vision, PyTorch, NLP, Data Engineering, Deep Learning, Kubernetes, Docker",AI Engineer
"Experienced in Python, Data Engineering, Deep Learning, PyTorch, Docker, Cloud Computing, TensorFlow, Machine Learning, APIs, Kubernetes, NLP",AI Engineer
"Experienced in TensorFlow, Model Deployment, Python, Kubernetes, Cloud Computing, Machine Learning, Data Engineering, MLOps, Deep Learning, PyTorch, Docker",AI Engineer
"Experienced in Machine Learning, NLP, Computer Vision, Kubernetes, Cloud Computing, Deep Learning, PyTorch, MLOps, APIs, Data Engineering, Python",AI Engineer
"Experienced in PyTorch, TensorFlow, Deep Learning, Cloud Computing, Kubernetes, Computer Vision, APIs, Machine Learning, NLP, MLOps, Model Deployment, Python",AI Engineer
"Experienced in Kubernetes, Data Engineering, MLOps, PyTorch, Machine Learning, NLP, Python, Model Deployment, Computer Vision, APIs",AI Engineer
"Experienced in TensorFlow, Docker, Deep Learning, PyTorch, Kubernetes, Cloud Computing, Computer Vision, MLOps, Machine Learning, Model Deployment",AI Engineer
"Experienced in APIs, Deep Learning, TensorFlow, Data Engineering, PyTorch, NLP, MLOps, Computer Vision",AI Engineer
"Experienced in Machine Learning, Docker, Deep Learning, APIs, MLOps, Kubernetes, Computer Vision, NLP, Cloud Computing, PyTorch, Python",AI Engineer
"Experienced in Model Deployment, Machine Learning, Computer Vision, Data Engineering, Deep Learning, Python, NLP, Cloud Computing, Kubernetes, MLOps",AI Engineer
"Experienced in Kubernetes, APIs, Python, TensorFlow, PyTorch, Cloud Computing, Deep Learning, NLP, MLOps, Computer Vision, Model Deployment, Docker",AI Engineer
"Experienced in Deep Learning, NLP, PyTorch, Machine Learning, Computer Vision, MLOps, TensorFlow, Docker, Data Engineering, Model Deployment, Cloud Computing",AI Engineer
"Experienced in NLP, PyTorch, Kubernetes, MLOps, Computer Vision, Model Deployment, Python, Machine Learning, APIs, Deep Learning, Cloud Computing",AI Engineer
"Experienced in Model Deployment, Docker, NLP, APIs, TensorFlow, PyTorch, Machine Learning, Deep Learning",AI Engineer
"Experienced in Machine Learning, NLP, Cloud Computing, PyTorch, Docker, Kubernetes, Computer Vision, Model Deployment, MLOps, APIs",AI Engineer
"Experienced in PyTorch, MLOps, Machine Learning, APIs, Model Deployment, Kubernetes, Cloud Computing, NLP, Docker",AI Engineer
"Experienced in Data Engineering, Model Deployment, Machine Learning, NLP, TensorFlow, MLOps, Cloud Computing, Python, Deep Learning, APIs",AI Engineer
"Experienced in Data Engineering, Docker, APIs, TensorFlow, Computer Vision, Kubernetes, Machine Learning, Deep Learning, NLP, PyTorch, Model Deployment, Python",AI Engineer
"Experienced in TensorFlow, Data Engineering, PyTorch, NLP, Kubernetes, APIs, Cloud Computing, Computer Vision, Python, Docker",AI Engineer
"Experienced in Model Deployment, Deep Learning, APIs, NLP, TensorFlow, Kubernetes, Machine Learning, Data Engineering, Python, PyTorch, MLOps",AI Engineer
"Experienced in Deep Learning, PyTorch, APIs, Kubernetes, Computer Vision, Model Deployment, NLP, Cloud Computing, MLOps, Python, Docker, Machine Learning",AI Engineer
"Experienced in Deep Learning, Model Deployment, Python, Machine Learning, Data Engineering, MLOps, PyTorch, Kubernetes, NLP, Computer Vision, Cloud Computing",AI Engineer
"Experienced in Data Engineering, Kubernetes, Python, NLP, PyTorch, Cloud Computing, MLOps, Model Deployment, Docker",AI Engineer
"Experienced in Docker, Deep Learning, TensorFlow, Model Deployment, PyTorch, Data Engineering, Cloud Computing, Computer Vision, APIs",AI Engineer
"Experienced in TensorFlow, MLOps, APIs, Python, Computer Vision, Cloud Computing, Docker, Model Deployment, Kubernetes, Data Engineering",AI Engineer
"Experienced in Data Engineering, PyTorch, Machine Learning, Computer Vision, Docker, Cloud Computing, Deep Learning, Python",AI Engineer
"Experienced in Docker, Python, Computer Vision, NLP, Kubernetes, Machine Learning, TensorFlow, Deep Learning, MLOps, Model Deployment, Cloud Computing, PyTorch",AI Engineer
"Experienced in Machine Learning, APIs, Computer Vision, Data Engineering, Model Deployment, Deep Learning, Python, Docker, MLOps, Cloud Computing, NLP",AI Engineer
"Experienced in NLP, Model Deployment, MLOps, Cloud Computing, TensorFlow, Machine Learning, Docker, Kubernetes, Deep Learning, PyTorch, Data Engineering",AI Engineer
"Experienced in Data Engineering, NLP, Model Deployment, Python, Kubernetes, MLOps, PyTorch, Cloud Computing, Machine Learning",AI Engineer
"Experienced in Cloud Computing, Data Engineering, Deep Learning, TensorFlow, Docker, Machine Learning, Kubernetes, PyTorch",AI Engineer
"Experienced in Python, APIs, MLOps, Machine Learning, Docker, NLP, Data Engineering, Kubernetes, Computer Vision, Deep Learning, PyTorch",AI Engineer
"Experienced in Computer Vision, Cloud Computing, Data Engineering, APIs, PyTorch, TensorFlow, Model Deployment, Machine Learning, NLP, MLOps, Python, Docker",AI Engineer
"Experienced in Kubernetes, TensorFlow, Cloud Computing, Data Engineering, Docker, Python, Computer Vision, Model Deployment, PyTorch",AI Engineer
"Experienced in Kubernetes, MLOps, Data Engineering, Computer Vision, Cloud Computing, Docker, Machine Learning, PyTorch",AI Engineer
"Experienced in Computer Vision, NLP, Data Engineering, Docker, Cloud Computing, MLOps, APIs, Model Deployment, Deep Learning",AI Engineer
"Experienced in APIs, Machine Learning, Python, Kubernetes, Docker, NLP, Model Deployment, Computer Vision, Data Engineering, PyTorch, MLOps, Cloud Computing",AI Engineer
"Experienced in Docker, Machine Learning, PyTorch, Model Deployment, Computer Vision, Deep Learning, Data Engineering, Kubernetes, MLOps, Cloud Computing, NLP",AI Engineer
"Experienced in PyTorch, MLOps, Cloud Computing, Data Engineering, Python, Deep Learning, TensorFlow, APIs, Computer Vision, Model Deployment",AI Engineer
"Experienced in Deep Learning, Machine Learning, Docker, Data Engineering, Computer Vision, APIs, MLOps, Model Deployment, NLP, Cloud Computing, TensorFlow, Kubernetes",AI Engineer
"Experienced in Computer Vision, TensorFlow, APIs, Machine Learning, Docker, Deep Learning, MLOps, Python, Data Engineering, NLP",AI Engineer
"Experienced in Kubernetes, TensorFlow, Docker, Cloud Computing, Python, Model Deployment, Machine Learning, Data Engineering, Deep Learning, APIs",AI Engineer
"Experienced in Cloud Computing, Computer Vision, Python, Model Deployment, NLP, Deep Learning, TensorFlow, MLOps, APIs, Machine Learning",AI Engineer
"Experienced in Cloud Computing, Model Deployment, NLP, MLOps, Data Engineering, Kubernetes, Machine Learning, PyTorch",AI Engineer
"Experienced in Machine Learning, APIs, TensorFlow, NLP, Model Deployment, Deep Learning, Docker, Cloud Computing",AI Engineer
"Experienced in PyTorch, Python, Data Engineering, Computer Vision, APIs, NLP, Machine Learning, Kubernetes, Deep Learning, TensorFlow, Docker, MLOps",AI Engineer
"Experienced in NLP, Deep Learning, Python, Computer Vision, PyTorch, TensorFlow, Cloud Computing, Model Deployment, Kubernetes, Docker, APIs",AI Engineer
"Experienced in NLP, Machine Learning, TensorFlow, Deep Learning, Computer Vision, PyTorch, Data Engineering, APIs, Cloud Computing, MLOps, Kubernetes",AI Engineer
"Experienced in Data Engineering, NLP, Computer Vision, Python, Model Deployment, MLOps, Machine Learning, APIs, Kubernetes, Cloud Computing, PyTorch",AI Engineer
"Experienced in TensorFlow, Deep Learning, PyTorch, Machine Learning, Kubernetes, Model Deployment, APIs, NLP, Data Engineering, Docker",AI Engineer
"Experienced in Computer Vision, PyTorch, NLP, TensorFlow, Deep Learning, Python, APIs, Model Deployment, MLOps, Machine Learning, Docker",AI Engineer
"Experienced in Model Deployment, APIs, Docker, Python, MLOps, Machine Learning, Data Engineering, NLP, Computer Vision, TensorFlow",AI Engineer
"Experienced in Deep Learning, Model Deployment, Kubernetes, Data Engineering, PyTorch, APIs, Machine Learning, Python, Cloud Computing",AI Engineer
"Experienced in Kubernetes, MLOps, PyTorch, Python, Data Engineering, APIs, Docker, Machine Learning, Computer Vision, NLP, Deep Learning",AI Engineer
"Experienced in PyTorch, Kubernetes, MLOps, Computer Vision, Cloud Computing, Data Engineering, APIs, Deep Learning, NLP, Docker, TensorFlow, Python",AI Engineer
"Experienced in Computer Vision, Docker, NLP, PyTorch, Cloud Computing, Model Deployment, Machine Learning, APIs",AI Engineer
"Experienced in Machine Learning, Docker, Python, Model Deployment, Cloud Computing, TensorFlow, Data Engineering, Kubernetes, Computer Vision",AI Engineer
"Experienced in Cloud Computing, Deep Learning, PyTorch, Docker, Computer Vision, Python, Machine Learning, TensorFlow",AI Engineer
"Experienced in APIs, Kubernetes, Cloud Computing, Computer Vision, PyTorch, Deep Learning, Data Engineering, MLOps, Python, Machine Learning, TensorFlow, Model Deployment",AI Engineer
"Experienced in MLOps, Kubernetes, Data Engineering, Python, Docker, NLP, Computer Vision, Model Deployment, Cloud Computing",AI Engineer
"Experienced in TensorFlow, Deep Learning, Kubernetes, NLP, PyTorch, MLOps, Computer Vision, Machine Learning, Model Deployment, Docker",AI Engineer
"Experienced in Docker, Model Deployment, TensorFlow, Machine Learning, PyTorch, Cloud Computing, NLP, Kubernetes, MLOps, Deep Learning, Computer Vision, Python",AI Engineer
"Experienced in Kubernetes, NLP, Machine Learning, Python, MLOps, PyTorch, APIs, Data Engineering, Docker",AI Engineer
"Experienced in Kubernetes, MLOps, PyTorch, TensorFlow, Docker, Data Engineering, APIs, Cloud Computing, Machine Learning, Computer Vision, Model Deployment, Deep Learning",AI Engineer
"Experienced in Machine Learning, TensorFlow, Data Engineering, NLP, APIs, Python, Docker, Deep Learning",AI Engineer
"Experienced in APIs, Computer Vision, Docker, MLOps, TensorFlow, Python, Kubernetes, NLP",AI Engineer
"Experienced in Docker, Kubernetes, MLOps, Deep Learning, Model Deployment, Python, APIs, NLP, Machine Learning, PyTorch, TensorFlow, Computer Vision",AI Engineer
"Experienced in Machine Learning, Docker, Data Engineering, APIs, Cloud Computing, Kubernetes, Python, MLOps, Deep Learning",AI Engineer
"Experienced in Python, Data Engineering, Machine Learning, TensorFlow, PyTorch, Model Deployment, APIs, Cloud Computing, Deep Learning, MLOps, Kubernetes, Docker",AI Engineer
"Experienced in Git, Kubernetes, Docker, Terraform, Jenkins, AWS, Shell Scripting, CI/CD, GCP, Azure",DevOps Engineer
"Experienced in Shell Scripting, Terraform, Cloud Infrastructure, AWS, Monitoring, Git, Docker, Azure, Linux, Jenkins, GCP",DevOps Engineer
"Experienced in Jenkins, AWS, Shell Scripting, Ansible, CI/CD, GCP, Linux, Kubernetes",DevOps Engineer
"Experienced in Jenkins, Git, Docker, Kubernetes, Monitoring, Linux, Terraform, Cloud Infrastructure",DevOps Engineer
"Experienced in Cloud Infrastructure, Kubernetes, Shell Scripting, Git, Docker, Ansible, GCP, Terraform",DevOps Engineer
"Experienced in Git, CI/CD, Kubernetes, AWS, Linux, Docker, GCP, Monitoring, Ansible, Shell Scripting, Cloud Infrastructure, Jenkins",DevOps Engineer
"Experienced in Jenkins, Linux, Docker, GCP, Azure, Kubernetes, Shell Scripting, Git, Terraform, Monitoring, Ansible, Cloud Infrastructure",DevOps Engineer
"Experienced in Linux, Kubernetes, Docker, Shell Scripting, Ansible, Terraform, Jenkins, CI/CD, Monitoring, GCP",DevOps Engineer
"Experienced in Ansible, Monitoring, Jenkins, Docker, GCP, CI/CD, AWS, Kubernetes, Cloud Infrastructure, Terraform, Git, Shell Scripting",DevOps Engineer
"Experienced in GCP, Terraform, AWS, Kubernetes, Monitoring, Jenkins, Ansible, Cloud Infrastructure",DevOps Engineer
"Experienced in Azure, Cloud Infrastructure, Monitoring, AWS, Docker, Terraform, Ansible, Jenkins, CI/CD, Shell Scripting, Kubernetes",DevOps Engineer
"Experienced in Azure, Cloud Infrastructure, Ansible, CI/CD, Terraform, Linux, Docker, GCP, Kubernetes, Jenkins",DevOps Engineer
"Experienced in Linux, Shell Scripting, Monitoring, Docker, AWS, CI/CD, Kubernetes, GCP, Terraform, Jenkins",DevOps Engineer
"Experienced in Shell Scripting, Docker, Linux, Jenkins, Cloud Infrastructure, Azure, AWS, Kubernetes, Monitoring",DevOps Engineer
"Experienced in CI/CD, Azure, Kubernetes, Cloud Infrastructure, Docker, GCP, Monitoring, Git, Ansible, AWS",DevOps Engineer
"Experienced in Monitoring, AWS, Cloud Infrastructure, Kubernetes, Azure, CI/CD, Ansible, Docker, Linux, Git",DevOps Engineer
"Experienced in AWS, Monitoring, Terraform, Linux, Git, Ansible, Docker, GCP, Shell Scripting, Kubernetes, Jenkins, Cloud Infrastructure",DevOps Engineer
"Experienced in GCP, AWS, Jenkins, Docker, Cloud Infrastructure, CI/CD, Azure, Ansible, Linux, Kubernetes, Monitoring",DevOps Engineer
"Experienced in Cloud Infrastructure, Git, Linux, AWS, Docker, Terraform, Shell Scripting, Ansible",DevOps Engineer
"Experienced in AWS, Shell Scripting, CI/CD, Azure, Linux, Ansible, Kubernetes, Cloud Infrastructure, Docker",DevOps Engineer
"Experienced in Git, Shell Scripting, Ansible, CI/CD, GCP, Azure, Linux, Monitoring, Jenkins, Docker, Terraform, Kubernetes",DevOps Engineer
"Experienced in Azure, CI/CD, Ansible, Terraform, Shell Scripting, Docker, Kubernetes, AWS, Cloud Infrastructure",DevOps Engineer
"Experienced in Jenkins, Cloud Infrastructure, Azure, Linux, Monitoring, Terraform, Kubernetes, Shell Scripting",DevOps Engineer
"Experienced in Jenkins, Monitoring, GCP, Kubernetes, Cloud Infrastructure, Azure, Terraform, Shell Scripting",DevOps Engineer
"Experienced in Jenkins, Ansible, GCP, Kubernetes, Cloud Infrastructure, CI/CD, Docker, Terraform",DevOps Engineer
"Experienced in Cloud Infrastructure, CI/CD, Git, Monitoring, Linux, Ansible, Kubernetes, Azure, GCP, Docker",DevOps Engineer
"Experienced in Linux, Docker, GCP, AWS, Ansible, Azure, Shell Scripting, Jenkins, Git, Terraform, Cloud Infrastructure",DevOps Engineer
"Experienced in Jenkins, Cloud Infrastructure, Docker, Azure, CI/CD, Shell Scripting, Ansible, Kubernetes, Linux, Monitoring",DevOps Engineer
"Experienced in Linux, Docker, CI/CD, Cloud Infrastructure, Terraform, AWS, Monitoring, Shell Scripting",DevOps Engineer
"Experienced in Jenkins, Terraform, AWS, Shell Scripting, Ansible, Git, Kubernetes, CI/CD",DevOps Engineer
"Experienced in Azure, Cloud Infrastructure, CI/CD, Git, Docker, Kubernetes, AWS, Monitoring, Terraform, Jenkins, GCP, Shell Scripting",DevOps Engineer
"Experienced in Jenkins, Git, Docker, Azure, Linux, Ansible, Monitoring, Terraform, AWS, CI/CD, GCP",DevOps Engineer
"Experienced in GCP, Monitoring, Terraform, Linux, Ansible, Shell Scripting, Docker, Cloud Infrastructure, AWS, Kubernetes, Azure",DevOps Engineer
"Experienced in Ansible, AWS, CI/CD, Monitoring, Kubernetes, Azure, Shell Scripting, Terraform, Cloud Infrastructure, Jenkins, Git",DevOps Engineer
"Experienced in Jenkins, Cloud Infrastructure, Azure, CI/CD, Shell Scripting, Ansible, Terraform, Kubernetes, Git, Linux, Monitoring",DevOps Engineer
"Experienced in Jenkins, CI/CD, Cloud Infrastructure, GCP, Linux, Monitoring, Ansible, Azure, Docker, Terraform, Kubernetes",DevOps Engineer
"Experienced in Linux, Azure, Docker, Monitoring, Ansible, CI/CD, Kubernetes, Jenkins, Git",DevOps Engineer
"Experienced in Ansible, CI/CD, Docker, Kubernetes, Shell Scripting, Jenkins, Cloud Infrastructure, Terraform",DevOps Engineer
"Experienced in Monitoring, Jenkins, Git, Linux, AWS, Docker, CI/CD, Ansible, Shell Scripting",DevOps Engineer
"Experienced in Azure, Ansible, AWS, Linux, CI/CD, Cloud Infrastructure, Monitoring, Git, Terraform",DevOps Engineer
"Experienced in Ansible, CI/CD, Terraform, Linux, Kubernetes, Monitoring, Docker, Git, AWS, Azure, GCP, Shell Scripting",DevOps Engineer
"Experienced in GCP, Azure, Cloud Infrastructure, Monitoring, Linux, Terraform, Git, AWS, Kubernetes, Shell Scripting, Jenkins",DevOps Engineer
"Experienced in GCP, Monitoring, Shell Scripting, Cloud Infrastructure, Kubernetes, Azure, Terraform, CI/CD, Ansible, Linux, AWS, Jenkins",DevOps Engineer
"Experienced in Monitoring, Git, CI/CD, Linux, AWS, Ansible, Jenkins, Docker, Kubernetes",DevOps Engineer
"Experienced in Shell Scripting, Kubernetes, AWS, Monitoring, Azure, CI/CD, Ansible, Cloud Infrastructure, GCP, Terraform, Jenkins",DevOps Engineer
"Experienced in GCP, Jenkins, Azure, CI/CD, Ansible, AWS, Linux, Shell Scripting",DevOps Engineer
"Experienced in Cloud Infrastructure, Linux, Terraform, Jenkins, Kubernetes, GCP, Ansible, Shell Scripting, Monitoring",DevOps Engineer
"Experienced in Docker, AWS, Monitoring, Kubernetes, Shell Scripting, Azure, Git, CI/CD, GCP, Jenkins",DevOps Engineer
"Experienced in AWS, Jenkins, Linux, Monitoring, Terraform, Azure, Ansible, Git, CI/CD, Cloud Infrastructure, Kubernetes, Shell Scripting",DevOps Engineer
"Experienced in Terraform, Ansible, AWS, Monitoring, Cloud Infrastructure, Docker, Shell Scripting, Linux",DevOps Engineer
"Experienced in GCP, Kubernetes, Ansible, Terraform, Shell Scripting, Jenkins, CI/CD, Monitoring",DevOps Engineer
"Experienced in Linux, Git, Jenkins, Ansible, Kubernetes, Shell Scripting, Azure, AWS, Cloud Infrastructure, GCP",DevOps Engineer
"Experienced in Cloud Infrastructure, GCP, Terraform, Linux, Docker, Kubernetes, Azure, Shell Scripting, Jenkins, AWS, Monitoring, Ansible",DevOps Engineer
"Experienced in Azure, Shell Scripting, Monitoring, Ansible, Kubernetes, Cloud Infrastructure, CI/CD, Jenkins, Terraform, Git, GCP, Docker",DevOps Engineer
"Experienced in CI/CD, Ansible, Jenkins, Azure, Git, Kubernetes, Shell Scripting, Cloud Infrastructure, GCP, Terraform, Docker",DevOps Engineer
"Experienced in Azure, Ansible, Linux, Docker, Monitoring, Shell Scripting, Terraform, AWS, Kubernetes, CI/CD",DevOps Engineer
"Experienced in Terraform, Monitoring, Linux, Git, Kubernetes, Azure, AWS, Ansible, Jenkins, GCP, Cloud Infrastructure, Docker",DevOps Engineer
"Experienced in Cloud Infrastructure, Terraform, Ansible, Kubernetes, CI/CD, Git, Shell Scripting, Linux, Jenkins, Docker",DevOps Engineer
"Experienced in Azure, Terraform, Monitoring, Linux, Kubernetes, AWS, Shell Scripting, Git, Cloud Infrastructure, Ansible, Jenkins, Docker",DevOps Engineer
"Experienced in Monitoring, Ansible, AWS, Terraform, Shell Scripting, Git, GCP, Kubernetes, Linux, Jenkins",DevOps Engineer
"Experienced in Cloud Infrastructure, Terraform, Docker, CI/CD, Shell Scripting, AWS, Linux, Azure, Git, Jenkins, Kubernetes, Monitoring",DevOps Engineer
"Experienced in Terraform, Linux, CI/CD, GCP, Shell Scripting, Azure, Git, AWS, Jenkins, Docker",DevOps Engineer
"Experienced in Jenkins, Shell Scripting, Terraform, Azure, Git, Kubernetes, Cloud Infrastructure, Monitoring, AWS, Docker",DevOps Engineer
"Experienced in Azure, AWS, GCP, Kubernetes, Terraform, Monitoring, CI/CD, Linux, Docker, Cloud Infrastructure, Git",DevOps Engineer
"Experienced in GCP, CI/CD, Kubernetes, Linux, Shell Scripting, Cloud Infrastructure, Docker, Jenkins",DevOps Engineer
"Experienced in Terraform, AWS, CI/CD, Kubernetes, Ansible, Jenkins, Git, Docker, Azure",DevOps Engineer
"Experienced in Cloud Infrastructure, Jenkins, CI/CD, AWS, Azure, GCP, Kubernetes, Shell Scripting, Monitoring",DevOps Engineer
"Experienced in AWS, Ansible, Azure, CI/CD, Jenkins, Cloud Infrastructure, Monitoring, Docker, Git",DevOps Engineer
"Experienced in Jenkins, Terraform, GCP, AWS, Ansible, Cloud Infrastructure, Azure, Monitoring, Linux, Git",DevOps Engineer
"Experienced in Cloud Infrastructure, Terraform, AWS, Docker, Azure, Monitoring, Git, Ansible",DevOps Engineer
"Experienced in Kubernetes, AWS, Jenkins, Ansible, CI/CD, Monitoring, Azure, Shell Scripting, GCP, Terraform, Docker",DevOps Engineer
"Experienced in Kubernetes, AWS, CI/CD, Linux, Azure, GCP, Docker, Cloud Infrastructure, Shell Scripting, Jenkins, Ansible",DevOps Engineer
"Experienced in Monitoring, Shell Scripting, Azure, Jenkins, Cloud Infrastructure, Linux, Ansible, Kubernetes, CI/CD",DevOps Engineer
"Experienced in Ansible, Git, Docker, Monitoring, Kubernetes, CI/CD, Linux, Jenkins, AWS",DevOps Engineer
"Experienced in AWS, Linux, Terraform, Azure, GCP, CI/CD, Ansible, Monitoring, Git, Docker, Kubernetes",DevOps Engineer
"Experienced in Kubernetes, Ansible, Terraform, Docker, Azure, Git, Shell Scripting, CI/CD, Monitoring",DevOps Engineer
"Experienced in Linux, Jenkins, Kubernetes, Ansible, Docker, Terraform, CI/CD, Azure, Shell Scripting, Cloud Infrastructure, AWS",DevOps Engineer
"Experienced in Linux, AWS, Terraform, Jenkins, CI/CD, Git, Monitoring, Azure, Cloud Infrastructure",DevOps Engineer
"Experienced in Azure, AWS, Ansible, GCP, Jenkins, Monitoring, Git, Cloud Infrastructure, Linux, CI/CD, Shell Scripting, Docker",DevOps Engineer
"Experienced in Shell Scripting, Kubernetes, Jenkins, CI/CD, Git, Cloud Infrastructure, Azure, GCP, Ansible, AWS, Linux, Monitoring",DevOps Engineer
"Experienced in Ansible, Jenkins, GCP, Shell Scripting, Terraform, Azure, AWS, Cloud Infrastructure",DevOps Engineer
"Experienced in Linux, Kubernetes, Terraform, Docker, GCP, AWS, Cloud Infrastructure, Ansible, Azure, CI/CD, Git",DevOps Engineer
"Experienced in GCP, Cloud Infrastructure, Docker, Kubernetes, Shell Scripting, Azure, Linux, AWS",DevOps Engineer
"Experienced in Azure, Cloud Infrastructure, Ansible, CI/CD, Linux, Monitoring, Git, Kubernetes, Jenkins, Shell Scripting, Docker",DevOps Engineer
"Experienced in Linux, Azure, Jenkins, Git, Docker, Ansible, AWS, Terraform, CI/CD",DevOps Engineer
"Experienced in GCP, Azure, Kubernetes, Ansible, AWS, Cloud Infrastructure, Terraform, Jenkins, Docker, Shell Scripting, Linux, Monitoring",DevOps Engineer
"Experienced in Monitoring, Terraform, AWS, Shell Scripting, Linux, Docker, Azure, CI/CD, Kubernetes, Ansible, Jenkins, GCP",DevOps Engineer
"Experienced in Terraform, Shell Scripting, Kubernetes, Ansible, CI/CD, Linux, Docker, Monitoring, Git, Cloud Infrastructure, GCP",DevOps Engineer
"Experienced in Linux, Shell Scripting, Terraform, Cloud Infrastructure, Git, Docker, GCP, Ansible, Azure, Kubernetes",DevOps Engineer
"Experienced in GCP, Monitoring, AWS, CI/CD, Kubernetes, Git, Docker, Azure, Linux",DevOps Engineer
"Experienced in Terraform, Monitoring, AWS, Ansible, Linux, Git, GCP, Shell Scripting, CI/CD, Cloud Infrastructure, Kubernetes, Jenkins",DevOps Engineer
"Experienced in Linux, Shell Scripting, Cloud Infrastructure, CI/CD, Terraform, Monitoring, Ansible, Jenkins, GCP, Kubernetes, Git",DevOps Engineer
"Experienced in CI/CD, Azure, Kubernetes, Git, Shell Scripting, Docker, Cloud Infrastructure, Terraform, AWS, Linux",DevOps Engineer
"Experienced in Azure, AWS, Kubernetes, Ansible, GCP, Docker, Linux, Terraform, Cloud Infrastructure, Git, Jenkins",DevOps Engineer
"Experienced in Cloud Infrastructure, Shell Scripting, Docker, Linux, Azure, CI/CD, GCP, Git, Terraform, Monitoring, Ansible, AWS",DevOps Engineer
"Experienced in GCP, Terraform, Azure, Ansible, Git, Docker, Jenkins, Shell Scripting, Linux, Cloud Infrastructure, Kubernetes, CI/CD",DevOps Engineer
"Experienced in Ansible, Cloud Infrastructure, Linux, Kubernetes, Docker, Azure, CI/CD, Jenkins, Git, GCP",DevOps Engineer
"Experienced in Shell Scripting, Cloud Infrastructure, Linux, Terraform, Ansible, Azure, GCP, Kubernetes, Jenkins, Docker, Monitoring, Git",DevOps Engineer
"Experienced in Kubernetes, Git, Terraform, CI/CD, Jenkins, Azure, Docker, Shell Scripting, GCP, AWS, Cloud Infrastructure, Ansible",DevOps Engineer
"Experienced in Git, Cloud Infrastructure, Monitoring, Terraform, Azure, Ansible, AWS, CI/CD, Linux",DevOps Engineer
"Experienced in CSS, Tailwind CSS, UI/UX, REST APIs, Responsive Design, React, JavaScript, HTML",Frontend Developer
"Experienced in CSS, Responsive Design, Bootstrap, Tailwind CSS, REST APIs, React, Angular, HTML, Vue.js, JavaScript",Frontend Developer
"Experienced in Web Performance, Angular, Bootstrap, Responsive Design, Version Control, REST APIs, Vue.js, UI/UX, React, Tailwind CSS, HTML",Frontend Developer
"Experienced in REST APIs, HTML, Bootstrap, JavaScript, Responsive Design, Web Performance, Tailwind CSS, React, CSS, Vue.js",Frontend Developer
"Experienced in CSS, JavaScript, Responsive Design, React, Tailwind CSS, HTML, Version Control, REST APIs",Frontend Developer
"Experienced in Tailwind CSS, HTML, Responsive Design, Vue.js, CSS, Angular, UI/UX, Web Performance, JavaScript",Frontend Developer
"Experienced in Version Control, CSS, Responsive Design, UI/UX, REST APIs, Web Performance, Vue.js, Tailwind CSS, JavaScript, React, Angular, Bootstrap",Frontend Developer
"Experienced in Tailwind CSS, Responsive Design, Web Performance, Vue.js, HTML, Bootstrap, REST APIs, JavaScript, Angular, Version Control",Frontend Developer
"Experienced in HTML, Bootstrap, UI/UX, CSS, JavaScript, REST APIs, Vue.js, Version Control, React, Web Performance, Angular, Responsive Design",Frontend Developer
"Experienced in Web Performance, UI/UX, Bootstrap, JavaScript, Vue.js, CSS, React, Angular, Responsive Design, Tailwind CSS",Frontend Developer
"Experienced in Angular, UI/UX, Version Control, HTML, CSS, REST APIs, Bootstrap, JavaScript",Frontend Developer
"Experienced in Bootstrap, Version Control, Vue.js, CSS, HTML, JavaScript, REST APIs, React, Web Performance, UI/UX, Angular",Frontend Developer
"Experienced in Tailwind CSS, Responsive Design, Version Control, JavaScript, Vue.js, CSS, HTML, Web Performance, React, REST APIs",Frontend Developer
"Experienced in HTML, CSS, UI/UX, Tailwind CSS, Bootstrap, React, Angular, REST APIs, Responsive Design, Vue.js, Web Performance",Frontend Developer
"Experienced in Responsive Design, Version Control, Vue.js, CSS, Angular, Bootstrap, Tailwind CSS, JavaScript, Web Performance",Frontend Developer
"Experienced in Responsive Design, CSS, REST APIs, UI/UX, Version Control, Bootstrap, HTML, JavaScript, Angular, Vue.js, Tailwind CSS, Web Performance",Frontend Developer
"Experienced in JavaScript, Responsive Design, Version Control, Web Performance, HTML, React, UI/UX, CSS, Bootstrap, Tailwind CSS, Angular, Vue.js",Frontend Developer
"Experienced in UI/UX, React, Bootstrap, Vue.js, Responsive Design, JavaScript, Web Performance, Angular, CSS",Frontend Developer
"Experienced in Version Control, React, Tailwind CSS, CSS, Responsive Design, Web Performance, JavaScript, REST APIs, UI/UX",Frontend Developer
"Experienced in Version Control, Angular, Web Performance, Responsive Design, Bootstrap, REST APIs, React, Vue.js, HTML, UI/UX",Frontend Developer
"Experienced in Angular, Responsive Design, HTML, Web Performance, Tailwind CSS, Version Control, REST APIs, CSS, Bootstrap, JavaScript, Vue.js, UI/UX",Frontend Developer
"Experienced in Angular, Tailwind CSS, Web Performance, Vue.js, JavaScript, Bootstrap, Version Control, React",Frontend Developer
"Experienced in Version Control, Vue.js, HTML, UI/UX, Bootstrap, Web Performance, Angular, CSS, JavaScript, React",Frontend Developer
"Experienced in Version Control, Responsive Design, React, Tailwind CSS, Angular, REST APIs, Bootstrap, Web Performance, CSS, JavaScript, HTML",Frontend Developer
"Experienced in Tailwind CSS, Angular, CSS, UI/UX, Web Performance, Responsive Design, HTML, Vue.js",Frontend Developer
"Experienced in Angular, React, Bootstrap, HTML, REST APIs, Vue.js, Version Control, Web Performance",Frontend Developer
"Experienced in Version Control, REST APIs, Vue.js, Web Performance, HTML, Responsive Design, JavaScript, Angular, UI/UX, React",Frontend Developer
"Experienced in Tailwind CSS, Responsive Design, Vue.js, Bootstrap, HTML, REST APIs, JavaScript, UI/UX, Web Performance",Frontend Developer
"Experienced in Web Performance, React, HTML, CSS, Vue.js, REST APIs, UI/UX, Angular",Frontend Developer
"Experienced in JavaScript, Version Control, Angular, Tailwind CSS, Bootstrap, Vue.js, UI/UX, CSS, Web Performance, Responsive Design",Frontend Developer
"Experienced in REST APIs, Bootstrap, JavaScript, React, CSS, Responsive Design, Web Performance, UI/UX, Version Control, Tailwind CSS, HTML",Frontend Developer
"Experienced in Angular, Responsive Design, Vue.js, REST APIs, Web Performance, Bootstrap, HTML, JavaScript, CSS, Version Control, React",Frontend Developer
"Experienced in Version Control, React, HTML, Angular, Vue.js, Responsive Design, Web Performance, REST APIs",Frontend Developer
"Experienced in Responsive Design, Web Performance, CSS, REST APIs, Bootstrap, Angular, Version Control, React, HTML, JavaScript, Vue.js",Frontend Developer
"Experienced in Version Control, REST APIs, CSS, Web Performance, Angular, Tailwind CSS, UI/UX, Responsive Design, React, Vue.js, JavaScript",Frontend Developer
"Experienced in REST APIs, Bootstrap, JavaScript, Vue.js, HTML, Web Performance, Responsive Design, React, UI/UX, Angular",Frontend Developer
"Experienced in Vue.js, Bootstrap, HTML, Responsive Design, JavaScript, React, Web Performance, REST APIs, Version Control, Angular",Frontend Developer
"Experienced in Web Performance, CSS, HTML, UI/UX, Bootstrap, Tailwind CSS, React, REST APIs",Frontend Developer
"Experienced in UI/UX, React, Responsive Design, JavaScript, REST APIs, CSS, Vue.js, Web Performance, HTML, Tailwind CSS, Version Control, Bootstrap",Frontend Developer
"Experienced in Version Control, UI/UX, Bootstrap, JavaScript, HTML, Angular, CSS, Responsive Design",Frontend Developer
"Experienced in Bootstrap, Angular, Version Control, REST APIs, Tailwind CSS, JavaScript, Responsive Design, React, UI/UX, CSS, HTML",Frontend Developer
"Experienced in Bootstrap, Angular, JavaScript, HTML, Web Performance, Version Control, Vue.js, Responsive Design",Frontend Developer
"Experienced in React, Bootstrap, UI/UX, Responsive Design, CSS, HTML, Angular, Vue.js",Frontend Developer
"Experienced in HTML, React, Version Control, Tailwind CSS, Angular, UI/UX, JavaScript, Responsive Design, Bootstrap, REST APIs",Frontend Developer
"Experienced in Responsive Design, Web Performance, Version Control, Bootstrap, Tailwind CSS, Vue.js, Angular, React, CSS, UI/UX, JavaScript, HTML",Frontend Developer
"Experienced in REST APIs, Bootstrap, Angular, CSS, Version Control, JavaScript, React, Web Performance, Vue.js",Frontend Developer
"Experienced in REST APIs, Tailwind CSS, Bootstrap, Web Performance, React, Angular, CSS, Vue.js, UI/UX, Responsive Design, JavaScript, HTML",Frontend Developer
"Experienced in Vue.js, Bootstrap, Angular, Version Control, Web Performance, React, REST APIs, HTML, Responsive Design, JavaScript",Frontend Developer
"Experienced in REST APIs, JavaScript, Web Performance, Vue.js, Responsive Design, Angular, UI/UX, Bootstrap, Tailwind CSS, HTML, React, CSS",Frontend Developer
"Experienced in JavaScript, Vue.js, REST APIs, Responsive Design, React, Tailwind CSS, Bootstrap, Angular",Frontend Developer
"Experienced in UI/UX, CSS, React, HTML, JavaScript, Vue.js, Bootstrap, REST APIs, Web Performance, Tailwind CSS",Frontend Developer
"Experienced in JavaScript, Web Performance, Tailwind CSS, HTML, React, UI/UX, CSS, Responsive Design",Frontend Developer
"Experienced in Web Performance, Angular, REST APIs, Tailwind CSS, CSS, Bootstrap, HTML, Vue.js, Version Control, Responsive Design, React",Frontend Developer
"Experienced in Vue.js, Tailwind CSS, CSS, React, Responsive Design, JavaScript, Version Control, Web Performance, Bootstrap, Angular",Frontend Developer
"Experienced in CSS, JavaScript, Responsive Design, Bootstrap, Vue.js, REST APIs, HTML, UI/UX, Tailwind CSS, Web Performance, Angular, Version Control",Frontend Developer
"Experienced in CSS, REST APIs, UI/UX, Vue.js, HTML, Tailwind CSS, JavaScript, Version Control",Frontend Developer
"Experienced in React, JavaScript, CSS, Web Performance, Responsive Design, REST APIs, Bootstrap, HTML, Tailwind CSS, Version Control",Frontend Developer
"Experienced in UI/UX, Responsive Design, Version Control, Tailwind CSS, REST APIs, React, CSS, Angular, Bootstrap",Frontend Developer
"Experienced in REST APIs, React, Angular, Vue.js, Version Control, Tailwind CSS, UI/UX, CSS, Responsive Design, HTML, Bootstrap, JavaScript",Frontend Developer
"Experienced in Tailwind CSS, Web Performance, JavaScript, Vue.js, Bootstrap, HTML, React, Responsive Design, UI/UX, Angular, REST APIs",Frontend Developer
"Experienced in Responsive Design, UI/UX, CSS, JavaScript, React, Bootstrap, Web Performance, Tailwind CSS, Angular, REST APIs",Frontend Developer
"Experienced in Bootstrap, React, Angular, HTML, JavaScript, CSS, Tailwind CSS, UI/UX, Vue.js, Version Control",Frontend Developer
"Experienced in Bootstrap, Version Control, React, JavaScript, Web Performance, UI/UX, CSS, Vue.js, HTML",Frontend Developer
"Experienced in Angular, HTML, Vue.js, Tailwind CSS, REST APIs, Bootstrap, Responsive Design, Version Control",Frontend Developer
"Experienced in Tailwind CSS, Bootstrap, Vue.js, CSS, Web Performance, HTML, REST APIs, UI/UX, Angular",Frontend Developer
"Experienced in Version Control, CSS, Vue.js, React, JavaScript, Angular, Web Performance, UI/UX, HTML, REST APIs, Bootstrap",Frontend Developer
"Experienced in Tailwind CSS, Version Control, JavaScript, REST APIs, Vue.js, Web Performance, UI/UX, CSS, Angular, HTML, Bootstrap, Responsive Design",Frontend Developer
"Experienced in Version Control, Web Performance, JavaScript, CSS, Angular, Bootstrap, HTML, Vue.js",Frontend Developer
"Experienced in HTML, Bootstrap, Responsive Design, Tailwind CSS, Web Performance, CSS, React, REST APIs",Frontend Developer
"Experienced in JavaScript, REST APIs, Vue.js, UI/UX, Responsive Design, Web Performance, React, Angular, HTML, Tailwind CSS",Frontend Developer
"Experienced in UI/UX, Version Control, Web Performance, Bootstrap, CSS, Tailwind CSS, Responsive Design, Vue.js, React, JavaScript, REST APIs",Frontend Developer
"Experienced in HTML, Responsive Design, Bootstrap, React, UI/UX, Version Control, Vue.js, REST APIs, Web Performance, Tailwind CSS",Frontend Developer
"Experienced in CSS, JavaScript, Vue.js, Responsive Design, REST APIs, Web Performance, Tailwind CSS, React",Frontend Developer
"Experienced in Tailwind CSS, UI/UX, HTML, Angular, Bootstrap, Responsive Design, CSS, Version Control, Web Performance, REST APIs",Frontend Developer
"Experienced in CSS, HTML, React, Vue.js, REST APIs, Angular, Bootstrap, JavaScript, Tailwind CSS, Responsive Design, Web Performance",Frontend Developer
"Experienced in CSS, UI/UX, Tailwind CSS, Bootstrap, JavaScript, Responsive Design, Version Control, React, Web Performance",Frontend Developer
"Experienced in Web Performance, UI/UX, Angular, React, CSS, Version Control, Tailwind CSS, Vue.js, HTML, Bootstrap, REST APIs",Frontend Developer
"Experienced in HTML, Version Control, React, Vue.js, REST APIs, Responsive Design, UI/UX, Angular, CSS",Frontend Developer
"Experienced in React, HTML, Web Performance, Version Control, Angular, Tailwind CSS, Vue.js, UI/UX, Bootstrap, REST APIs, CSS, Responsive Design",Frontend Developer
"Experienced in Version Control, Bootstrap, Web Performance, HTML, Tailwind CSS, React, UI/UX, CSS, REST APIs, Responsive Design",Frontend Developer
"Experienced in Version Control, Vue.js, JavaScript, HTML, REST APIs, Responsive Design, CSS, Angular",Frontend Developer
"Experienced in CSS, JavaScript, Tailwind CSS, Angular, HTML, REST APIs, Bootstrap, Vue.js",Frontend Developer
"Experienced in Vue.js, UI/UX, React, REST APIs, Angular, CSS, Version Control, Responsive Design, Bootstrap",Frontend Developer
"Experienced in HTML, JavaScript, UI/UX, Vue.js, Angular, REST APIs, Bootstrap, Tailwind CSS",Frontend Developer
"Experienced in CSS, Version Control, UI/UX, Bootstrap, Tailwind CSS, Responsive Design, Web Performance, Vue.js, JavaScript, HTML, REST APIs",Frontend Developer
"Experienced in UI/UX, Web Performance, Angular, Version Control, HTML, Tailwind CSS, React, Responsive Design, JavaScript, Vue.js",Frontend Developer
"Experienced in REST APIs, Tailwind CSS, JavaScript, Responsive Design, CSS, React, Version Control, Web Performance, Bootstrap",Frontend Developer
"Experienced in HTML, Tailwind CSS, Version Control, JavaScript, Vue.js, CSS, Angular, REST APIs, UI/UX",Frontend Developer
"Experienced in Tailwind CSS, Responsive Design, Vue.js, Angular, JavaScript, UI/UX, React, Web Performance, Version Control",Frontend Developer
"Experienced in Angular, Version Control, HTML, Responsive Design, UI/UX, Vue.js, Tailwind CSS, REST APIs",Frontend Developer
"Experienced in CSS, Angular, HTML, React, Responsive Design, Vue.js, JavaScript, UI/UX",Frontend Developer
"Experienced in JavaScript, Web Performance, Tailwind CSS, Angular, Version Control, Vue.js, REST APIs, HTML, React, UI/UX, CSS, Responsive Design",Frontend Developer
"Experienced in REST APIs, Responsive Design, Tailwind CSS, Web Performance, Angular, Bootstrap, JavaScript, CSS, Version Control, Vue.js, React, HTML",Frontend Developer
"Experienced in CSS, Responsive Design, JavaScript, UI/UX, Angular, Web Performance, Vue.js, React, REST APIs, Tailwind CSS",Frontend Developer
"Experienced in Version Control, Responsive Design, Tailwind CSS, Vue.js, Angular, HTML, Bootstrap, REST APIs, React",Frontend Developer
"Experienced in UI/UX, React, Version Control, Vue.js, Web Performance, HTML, Tailwind CSS, Angular, CSS",Frontend Developer
"Experienced in JavaScript, UI/UX, Web Performance, HTML, React, Angular, Responsive Design, REST APIs, Version Control",Frontend Developer
"Experienced in Bootstrap, UI/UX, Vue.js, Responsive Design, Version Control, React, Web Performance, HTML, REST APIs",Frontend Developer
"Experienced in Tailwind CSS, Responsive Design, Angular, UI/UX, JavaScript, CSS, REST APIs, HTML, Bootstrap, Version Control, Vue.js",Frontend Developer
"Experienced in Responsive Design, Version Control, UI/UX, JavaScript, HTML, REST APIs, CSS, Bootstrap",Frontend Developer
"Experienced in Cloud Deployment, React, Express, Git, MongoDB, Node.js, SQL, REST APIs, HTML, JavaScript, CSS, Docker",Full Stack Developer
"Experienced in Node.js, SQL, Authentication, Cloud Deployment, Express, React, CSS, Git, Docker, REST APIs, HTML",Full Stack Developer
"Experienced in Node.js, Git, Docker, CSS, Express, REST APIs, React, MongoDB, SQL, Authentication",Full Stack Developer
"Experienced in MongoDB, HTML, Node.js, Express, CSS, Cloud Deployment, Docker, Authentication, REST APIs, JavaScript, Git",Full Stack Developer
"Experienced in React, Git, Docker, Node.js, Authentication, HTML, Cloud Deployment, SQL, JavaScript, MongoDB, CSS, REST APIs",Full Stack Developer
"Experienced in Express, Cloud Deployment, MongoDB, Node.js, Docker, CSS, JavaScript, REST APIs, SQL, React, Git",Full Stack Developer
"Experienced in MongoDB, Git, Express, SQL, CSS, HTML, REST APIs, React",Full Stack Developer
"Experienced in REST APIs, JavaScript, SQL, Cloud Deployment, MongoDB, CSS, Authentication, React, HTML, Express, Git, Node.js",Full Stack Developer
"Experienced in CSS, Express, Authentication, Docker, Node.js, MongoDB, JavaScript, REST APIs",Full Stack Developer
"Experienced in Cloud Deployment, Docker, Authentication, Express, REST APIs, CSS, React, HTML",Full Stack Developer
"Experienced in Authentication, Cloud Deployment, JavaScript, CSS, MongoDB, SQL, HTML, Node.js, Git, Express, React, REST APIs",Full Stack Developer
"Experienced in MongoDB, CSS, JavaScript, Git, Express, Authentication, Cloud Deployment, SQL, REST APIs",Full Stack Developer
"Experienced in JavaScript, REST APIs, React, CSS, Express, Git, MongoDB, HTML, SQL, Cloud Deployment, Docker, Node.js",Full Stack Developer
"Experienced in Docker, MongoDB, CSS, JavaScript, Cloud Deployment, Authentication, HTML, Express",Full Stack Developer
"Experienced in Git, JavaScript, Authentication, Express, CSS, Cloud Deployment, MongoDB, Node.js, React, HTML",Full Stack Developer
"Experienced in HTML, JavaScript, SQL, Express, Git, REST APIs, MongoDB, CSS, Cloud Deployment, Authentication, React, Docker",Full Stack Developer
"Experienced in HTML, Node.js, React, Git, SQL, CSS, JavaScript, Docker, Express, REST APIs, Cloud Deployment, MongoDB",Full Stack Developer
"Experienced in REST APIs, MongoDB, Cloud Deployment, SQL, HTML, React, Node.js, Docker, Express, Authentication, Git, CSS",Full Stack Developer
"Experienced in Git, HTML, JavaScript, Cloud Deployment, Node.js, CSS, Express, Authentication, REST APIs, React",Full Stack Developer
"Experienced in JavaScript, Express, HTML, MongoDB, Docker, Authentication, REST APIs, SQL",Full Stack Developer
"Experienced in Cloud Deployment, SQL, JavaScript, CSS, HTML, REST APIs, Git, Authentication",Full Stack Developer
"Experienced in Node.js, Authentication, Docker, HTML, REST APIs, MongoDB, React, Express, Cloud Deployment, SQL, JavaScript",Full Stack Developer
"Experienced in Docker, MongoDB, Node.js, CSS, Cloud Deployment, SQL, Express, Git, REST APIs, HTML, JavaScript, React",Full Stack Developer
"Experienced in JavaScript, SQL, Git, CSS, Node.js, Express, Docker, MongoDB, Authentication, REST APIs, HTML",Full Stack Developer
"Experienced in Express, React, CSS, HTML, Authentication, SQL, Docker, MongoDB, Node.js, Cloud Deployment",Full Stack Developer
"Experienced in MongoDB, REST APIs, Cloud Deployment, CSS, Authentication, JavaScript, Express, Git, Docker",Full Stack Developer
"Experienced in JavaScript, React, Node.js, HTML, Cloud Deployment, Express, Authentication, MongoDB, Git",Full Stack Developer
"Experienced in React, Authentication, SQL, HTML, Cloud Deployment, JavaScript, REST APIs, Docker, Git",Full Stack Developer
"Experienced in Docker, MongoDB, Authentication, Cloud Deployment, Git, REST APIs, HTML, CSS, SQL, JavaScript, Express, Node.js",Full Stack Developer
"Experienced in HTML, Docker, Node.js, Cloud Deployment, SQL, CSS, Express, JavaScript, React, REST APIs",Full Stack Developer
"Experienced in MongoDB, REST APIs, Authentication, React, Cloud Deployment, Docker, JavaScript, Express, SQL, CSS",Full Stack Developer
"Experienced in SQL, HTML, Express, React, Docker, CSS, MongoDB, Git, REST APIs, JavaScript, Cloud Deployment, Authentication",Full Stack Developer
"Experienced in Express, REST APIs, Docker, React, Authentication, SQL, Git, Cloud Deployment",Full Stack Developer
"Experienced in React, Express, REST APIs, MongoDB, Git, HTML, SQL, Cloud Deployment, Authentication, Docker, CSS",Full Stack Developer
"Experienced in Express, Cloud Deployment, SQL, CSS, HTML, MongoDB, Docker, Git, JavaScript, React",Full Stack Developer
"Experienced in Node.js, Docker, React, Express, REST APIs, Git, JavaScript, Cloud Deployment, HTML, Authentication, MongoDB",Full Stack Developer
"Experienced in Docker, JavaScript, Git, SQL, HTML, MongoDB, Authentication, Node.js, Cloud Deployment, React",Full Stack Developer
"Experienced in Docker, SQL, Cloud Deployment, Git, Express, REST APIs, JavaScript, CSS, React",Full Stack Developer
"Experienced in CSS, REST APIs, Authentication, Git, Cloud Deployment, Docker, Express, SQL",Full Stack Developer
"Experienced in React, CSS, HTML, Cloud Deployment, Git, REST APIs, Authentication, SQL, MongoDB",Full Stack Developer
"Experienced in REST APIs, Cloud Deployment, Express, React, Authentication, SQL, CSS, Node.js, MongoDB, Git, JavaScript, Docker",Full Stack Developer
"Experienced in Authentication, SQL, Git, REST APIs, React, Cloud Deployment, CSS, MongoDB, Express, Docker",Full Stack Developer
"Experienced in HTML, CSS, Node.js, Git, React, Docker, Express, REST APIs, MongoDB",Full Stack Developer
"Experienced in Cloud Deployment, JavaScript, Express, Node.js, HTML, MongoDB, Docker, REST APIs, Authentication, Git",Full Stack Developer
"Experienced in HTML, CSS, Cloud Deployment, JavaScript, REST APIs, Docker, MongoDB, React",Full Stack Developer
"Experienced in Authentication, Express, React, MongoDB, SQL, HTML, REST APIs, CSS, Docker, JavaScript",Full Stack Developer
"Experienced in Authentication, MongoDB, Docker, React, Cloud Deployment, JavaScript, Git, CSS, Node.js, HTML, REST APIs",Full Stack Developer
"Experienced in Git, Node.js, MongoDB, Express, CSS, Authentication, HTML, REST APIs, Cloud Deployment",Full Stack Developer
"Experienced in SQL, Git, REST APIs, Cloud Deployment, Node.js, Docker, Express, CSS, MongoDB, JavaScript, React, Authentication",Full Stack Developer
"Experienced in SQL, REST APIs, CSS, Authentication, Docker, Cloud Deployment, JavaScript, Express",Full Stack Developer
"Experienced in JavaScript, MongoDB, Docker, CSS, Node.js, REST APIs, SQL, HTML, Express, React, Git",Full Stack Developer
"Experienced in Express, CSS, JavaScript, Git, Cloud Deployment, Authentication, HTML, Docker, React, MongoDB, REST APIs, Node.js",Full Stack Developer
"Experienced in REST APIs, MongoDB, Cloud Deployment, SQL, JavaScript, Express, Node.js, HTML, Authentication",Full Stack Developer
"Experienced in Git, REST APIs, Express, React, Docker, MongoDB, Cloud Deployment, Node.js, JavaScript, CSS, HTML",Full Stack Developer
"Experienced in JavaScript, Node.js, SQL, React, HTML, Authentication, Cloud Deployment, CSS, Docker, Express, Git, REST APIs",Full Stack Developer
"Experienced in MongoDB, React, REST APIs, Node.js, Docker, Git, HTML, Express, CSS, JavaScript, SQL, Cloud Deployment",Full Stack Developer
"Experienced in REST APIs, Express, JavaScript, Node.js, CSS, Authentication, Cloud Deployment, Docker, HTML",Full Stack Developer
"Experienced in MongoDB, Node.js, REST APIs, React, SQL, Git, JavaScript, CSS",Full Stack Developer
"Experienced in REST APIs, CSS, MongoDB, Cloud Deployment, SQL, Authentication, React, JavaScript, Node.js, Git, Docker, HTML",Full Stack Developer
"Experienced in Docker, HTML, Node.js, Git, React, Authentication, CSS, REST APIs, MongoDB, JavaScript",Full Stack Developer
"Experienced in REST APIs, JavaScript, React, Node.js, Git, Express, Cloud Deployment, Docker, MongoDB, Authentication",Full Stack Developer
"Experienced in SQL, CSS, MongoDB, Cloud Deployment, HTML, Express, Authentication, Docker, React, JavaScript, Git",Full Stack Developer
"Experienced in React, MongoDB, Docker, HTML, Git, Cloud Deployment, SQL, Express, CSS, JavaScript",Full Stack Developer
"Experienced in CSS, Node.js, REST APIs, Authentication, Cloud Deployment, HTML, React, Git, JavaScript",Full Stack Developer
"Experienced in Docker, Express, Authentication, JavaScript, MongoDB, Node.js, Git, Cloud Deployment, SQL",Full Stack Developer
"Experienced in Express, CSS, Git, Docker, MongoDB, React, SQL, Authentication, Cloud Deployment, JavaScript, HTML, Node.js",Full Stack Developer
"Experienced in JavaScript, Git, MongoDB, Express, Cloud Deployment, SQL, CSS, HTML, Node.js",Full Stack Developer
"Experienced in Cloud Deployment, JavaScript, React, Node.js, SQL, Docker, Git, Authentication, REST APIs",Full Stack Developer
"Experienced in HTML, React, Authentication, Node.js, Git, Express, MongoDB, Docker",Full Stack Developer
"Experienced in Authentication, Express, REST APIs, Docker, Node.js, React, Git, HTML, CSS, Cloud Deployment, MongoDB",Full Stack Developer
"Experienced in Cloud Deployment, React, Authentication, Git, Node.js, Express, REST APIs, SQL, Docker, HTML",Full Stack Developer
"Experienced in Express, SQL, Git, HTML, REST APIs, CSS, React, Node.js, Authentication",Full Stack Developer
"Experienced in Git, Express, SQL, React, JavaScript, Authentication, Cloud Deployment, Docker, HTML, Node.js, CSS, MongoDB",Full Stack Developer
"Experienced in Express, Cloud Deployment, SQL, REST APIs, Docker, Authentication, Git, HTML",Full Stack Developer
"Experienced in HTML, JavaScript, MongoDB, Docker, Git, CSS, React, REST APIs, Node.js, Express",Full Stack Developer
"Experienced in JavaScript, HTML, Express, CSS, SQL, Cloud Deployment, React, Node.js, REST APIs, Git, Authentication, Docker",Full Stack Developer
"Experienced in Git, MongoDB, SQL, Node.js, CSS, HTML, JavaScript, REST APIs, Authentication",Full Stack Developer
"Experienced in Cloud Deployment, SQL, Node.js, Docker, React, Authentication, JavaScript, REST APIs, HTML, Git, CSS",Full Stack Developer
"Experienced in REST APIs, JavaScript, Node.js, Express, MongoDB, HTML, Authentication, CSS",Full Stack Developer
"Experienced in HTML, JavaScript, MongoDB, Git, Docker, React, REST APIs, SQL, Node.js, Authentication",Full Stack Developer
"Experienced in HTML, MongoDB, Docker, Cloud Deployment, REST APIs, React, Authentication, CSS, Express, Git, JavaScript, SQL",Full Stack Developer
"Experienced in JavaScript, CSS, Express, Git, React, SQL, Docker, Authentication, Node.js",Full Stack Developer
"Experienced in HTML, React, CSS, JavaScript, SQL, MongoDB, Express, Authentication, Git, Docker",Full Stack Developer
"Experienced in Docker, CSS, Authentication, JavaScript, Node.js, MongoDB, React, SQL",Full Stack Developer
"Experienced in Cloud Deployment, HTML, REST APIs, React, CSS, Express, MongoDB, Authentication",Full Stack Developer
"Experienced in SQL, Express, Docker, Cloud Deployment, HTML, Node.js, CSS, REST APIs, Git",Full Stack Developer
"Experienced in React, SQL, Express, Cloud Deployment, Node.js, JavaScript, Docker, CSS",Full Stack Developer
"Experienced in React, MongoDB, CSS, Git, REST APIs, JavaScript, Docker, Authentication, Node.js",Full Stack Developer
"Experienced in REST APIs, Express, Docker, CSS, HTML, SQL, JavaScript, Git, MongoDB, Node.js",Full Stack Developer
"Experienced in Node.js, CSS, HTML, SQL, Authentication, Git, Express, Cloud Deployment, React",Full Stack Developer
"Experienced in Authentication, MongoDB, SQL, Node.js, HTML, React, REST APIs, Cloud Deployment, Git, JavaScript, Express",Full Stack Developer
"Experienced in REST APIs, JavaScript, SQL, HTML, Git, React, Docker, CSS, Cloud Deployment, Authentication, Node.js",Full Stack Developer
"Experienced in REST APIs, MongoDB, Express, JavaScript, Git, Docker, Authentication, React, CSS",Full Stack Developer
"Experienced in Authentication, Git, HTML, Cloud Deployment, SQL, Docker, CSS, JavaScript, Node.js, Express, REST APIs, MongoDB",Full Stack Developer
"Experienced in Authentication, Express, Docker, HTML, CSS, JavaScript, MongoDB, SQL, Cloud Deployment",Full Stack Developer
"Experienced in Express, Git, MongoDB, Docker, REST APIs, CSS, Authentication, React, JavaScript, SQL, Node.js, HTML",Full Stack Developer
"Experienced in Cloud Deployment, JavaScript, HTML, Authentication, Docker, Express, React, Node.js, MongoDB, CSS",Full Stack Developer
"Experienced in Authentication, Cloud Deployment, SQL, CSS, Express, JavaScript, HTML, Docker, MongoDB, React, Node.js, REST APIs",Full Stack Developer
"Experienced in Express, Docker, MongoDB, HTML, REST APIs, Cloud Deployment, Node.js, Git",Full Stack Developer
"Experienced in REST APIs, CSS, MongoDB, HTML, Node.js, Express, SQL, Git, Authentication, Docker, JavaScript",Full Stack Developer
"Experienced in Python, Data Warehousing, GCP, SQL, Big Data, Azure, Docker, ETL",Data Engineer
"Experienced in Big Data, AWS, Apache Spark, Python, Airflow, GCP, ETL, SQL, Data Pipelines",Data Engineer
"Experienced in Python, Hadoop, AWS, Airflow, Apache Spark, GCP, Data Warehousing, Docker, ETL, Data Pipelines, Azure",Data Engineer
"Experienced in GCP, Data Pipelines, AWS, Hadoop, Docker, SQL, Big Data, Apache Spark, Data Warehousing",Data Engineer
"Experienced in ETL, GCP, Airflow, Data Pipelines, Hadoop, Big Data, Data Warehousing, Docker, SQL, AWS, Apache Spark",Data Engineer
"Experienced in Hadoop, Azure, AWS, Data Warehousing, Airflow, SQL, Big Data, Docker, GCP, ETL, Apache Spark, Python",Data Engineer
"Experienced in SQL, GCP, Apache Spark, Big Data, Hadoop, Python, Airflow, Azure",Data Engineer
"Experienced in Data Warehousing, ETL, Python, AWS, Hadoop, Airflow, Data Pipelines, SQL, Azure, Docker, Big Data",Data Engineer
"Experienced in AWS, ETL, Airflow, GCP, Data Warehousing, Apache Spark, SQL, Python",Data Engineer
"Experienced in Python, Data Pipelines, Big Data, Hadoop, AWS, Docker, GCP, Data Warehousing, Apache Spark, Airflow, ETL",Data Engineer
"Experienced in ETL, Airflow, Azure, Docker, Hadoop, AWS, SQL, GCP",Data Engineer
"Experienced in SQL, Azure, ETL, Data Pipelines, Apache Spark, GCP, Data Warehousing, Docker, Airflow",Data Engineer
"Experienced in Airflow, GCP, Apache Spark, Hadoop, Python, Azure, Data Warehousing, SQL, AWS, ETL, Data Pipelines",Data Engineer
"Experienced in ETL, Hadoop, Data Warehousing, GCP, Airflow, Big Data, Azure, AWS, Data Pipelines",Data Engineer
"Experienced in SQL, Data Warehousing, ETL, GCP, Docker, Big Data, Python, Airflow, Hadoop, AWS",Data Engineer
"Experienced in Data Warehousing, AWS, Airflow, Azure, Python, ETL, Big Data, Hadoop, SQL, Data Pipelines",Data Engineer
"Experienced in Big Data, SQL, GCP, Data Warehousing, Python, Apache Spark, Airflow, Data Pipelines, Docker",Data Engineer
"Experienced in Python, Azure, ETL, Data Warehousing, Apache Spark, GCP, Airflow, AWS",Data Engineer
"Experienced in SQL, ETL, Data Warehousing, Docker, Python, Apache Spark, Hadoop, Big Data, GCP, Azure, Airflow",Data Engineer
"Experienced in Docker, Data Warehousing, Python, Airflow, Hadoop, ETL, Azure, Apache Spark, Data Pipelines, Big Data",Data Engineer
"Experienced in Docker, Data Warehousing, AWS, ETL, GCP, Apache Spark, Airflow, Big Data, Hadoop",Data Engineer
"Experienced in Data Pipelines, ETL, Hadoop, GCP, Data Warehousing, Airflow, Python, Docker, Azure, AWS, SQL",Data Engineer
"Experienced in Data Pipelines, ETL, Airflow, Azure, AWS, Data Warehousing, Apache Spark, Python",Data Engineer
"Experienced in AWS, Docker, Data Pipelines, Apache Spark, Python, ETL, Azure, SQL",Data Engineer
"Experienced in SQL, Hadoop, Data Warehousing, Azure, AWS, Apache Spark, Docker, Big Data, ETL, GCP",Data Engineer
"Experienced in Big Data, Azure, Hadoop, ETL, Data Pipelines, AWS, Apache Spark, SQL",Data Engineer
"Experienced in AWS, ETL, Data Pipelines, Hadoop, Docker, Data Warehousing, GCP, Airflow, Python, Azure",Data Engineer
"Experienced in SQL, Big Data, Python, AWS, ETL, Data Pipelines, Docker, Azure",Data Engineer
"Experienced in SQL, Big Data, GCP, ETL, Hadoop, Data Warehousing, Data Pipelines, Python, Apache Spark, Docker, Azure, Airflow",Data Engineer
"Experienced in Data Pipelines, Hadoop, Data Warehousing, Azure, Apache Spark, GCP, Docker, Airflow, ETL, Python, AWS, Big Data",Data Engineer
"Experienced in Azure, Airflow, Data Pipelines, Data Warehousing, AWS, Docker, Apache Spark, ETL, Big Data, SQL",Data Engineer
"Experienced in Apache Spark, Hadoop, Data Pipelines, Python, SQL, GCP, Data Warehousing, Docker",Data Engineer
"Experienced in Big Data, GCP, AWS, Azure, SQL, Airflow, Hadoop, Python, Docker",Data Engineer
"Experienced in Data Warehousing, AWS, Hadoop, GCP, Python, SQL, Docker, Airflow, ETL, Azure, Data Pipelines, Apache Spark",Data Engineer
"Experienced in Python, Airflow, SQL, GCP, Azure, Apache Spark, Data Warehousing, AWS, Hadoop, Docker, Big Data, Data Pipelines",Data Engineer
"Experienced in Airflow, Python, Data Warehousing, Docker, Apache Spark, AWS, GCP, Hadoop, Big Data, ETL, Azure, Data Pipelines",Data Engineer
"Experienced in Python, AWS, Docker, Big Data, Hadoop, Azure, Airflow, Data Warehousing, ETL, Data Pipelines, Apache Spark",Data Engineer
"Experienced in ETL, Airflow, Python, GCP, Big Data, AWS, Azure, Data Warehousing, Docker",Data Engineer
"Experienced in Data Pipelines, Apache Spark, AWS, Hadoop, Azure, SQL, ETL, Big Data, Data Warehousing",Data Engineer
"Experienced in GCP, Big Data, Data Pipelines, ETL, Apache Spark, SQL, Docker, Azure, AWS, Data Warehousing",Data Engineer
"Experienced in Big Data, Python, Hadoop, SQL, AWS, Azure, Apache Spark, GCP, ETL, Data Warehousing, Data Pipelines",Data Engineer
"Experienced in Airflow, Python, Big Data, SQL, Docker, Azure, Data Warehousing, ETL, AWS, Data Pipelines",Data Engineer
"Experienced in SQL, Python, Big Data, Docker, GCP, Data Warehousing, ETL, Azure",Data Engineer
"Experienced in AWS, ETL, Airflow, SQL, Docker, Python, Apache Spark, GCP, Hadoop",Data Engineer
"Experienced in SQL, Azure, Python, ETL, Hadoop, Airflow, GCP, Data Pipelines, Data Warehousing, Apache Spark",Data Engineer
"Experienced in Airflow, Apache Spark, Big Data, GCP, Data Warehousing, AWS, Data Pipelines, Hadoop, ETL, SQL",Data Engineer
"Experienced in GCP, Hadoop, Big Data, AWS, Azure, SQL, Data Warehousing, Python, Airflow",Data Engineer
"Experienced in Python, Azure, ETL, Hadoop, Big Data, GCP, AWS, Docker, Airflow, Data Pipelines",Data Engineer
"Experienced in Python, Azure, Data Pipelines, Hadoop, Big Data, GCP, Apache Spark, AWS, ETL, Airflow",Data Engineer
"Experienced in Hadoop, Apache Spark, Docker, ETL, Airflow, Data Warehousing, SQL, GCP, Data Pipelines, Big Data, Python, Azure",Data Engineer
"Experienced in Data Pipelines, Hadoop, SQL, Python, ETL, Big Data, Data Warehousing, Airflow, Docker, AWS, Azure, Apache Spark",Data Engineer
"Experienced in Big Data, AWS, Airflow, GCP, Docker, SQL, Hadoop, Python, ETL, Data Warehousing, Apache Spark",Data Engineer
"Experienced in Python, Data Warehousing, GCP, Hadoop, Apache Spark, AWS, Data Pipelines, SQL",Data Engineer
"Experienced in Python, Data Warehousing, SQL, Azure, Airflow, Data Pipelines, GCP, Apache Spark, Big Data, Docker, Hadoop, AWS",Data Engineer
"Experienced in Docker, SQL, Airflow, Azure, Data Warehousing, AWS, Big Data, ETL, GCP, Apache Spark, Hadoop, Python",Data Engineer
"Experienced in ETL, Big Data, Azure, Data Warehousing, Hadoop, Apache Spark, Airflow, Docker, GCP",Data Engineer
"Experienced in Docker, Apache Spark, Big Data, Python, Data Pipelines, Data Warehousing, SQL, AWS, GCP",Data Engineer
"Experienced in AWS, Data Warehousing, ETL, Docker, Apache Spark, Big Data, Hadoop, SQL, Data Pipelines, Airflow",Data Engineer
"Experienced in Data Warehousing, SQL, Big Data, Azure, Data Pipelines, Hadoop, Python, Apache Spark, Docker, ETL, Airflow",Data Engineer
"Experienced in Big Data, SQL, Airflow, GCP, Python, ETL, Data Warehousing, Docker, Hadoop",Data Engineer
"Experienced in GCP, Big Data, Docker, Airflow, AWS, SQL, Data Warehousing, ETL, Apache Spark",Data Engineer
"Experienced in Python, Hadoop, SQL, ETL, AWS, Data Warehousing, Docker, Azure, Big Data",Data Engineer
"Experienced in Python, Data Pipelines, Apache Spark, Big Data, SQL, ETL, Azure, Hadoop, AWS",Data Engineer
"Experienced in SQL, Airflow, Docker, Azure, Data Warehousing, ETL, GCP, Python",Data Engineer
"Experienced in AWS, Python, Data Warehousing, Apache Spark, SQL, ETL, Big Data, Azure, Airflow, GCP, Docker, Data Pipelines",Data Engineer
"Experienced in AWS, Docker, Apache Spark, SQL, Azure, Python, GCP, ETL, Hadoop",Data Engineer
"Experienced in Data Pipelines, Data Warehousing, ETL, AWS, Apache Spark, Big Data, Azure, GCP",Data Engineer
"Experienced in Data Pipelines, Python, AWS, Data Warehousing, GCP, Azure, Apache Spark, Airflow, Docker, ETL, Big Data, Hadoop",Data Engineer
"Experienced in Docker, Airflow, Azure, Data Warehousing, Data Pipelines, Hadoop, AWS, Python, SQL, GCP, Big Data",Data Engineer
"Experienced in Python, Apache Spark, Azure, Data Warehousing, SQL, Big Data, Airflow, ETL, AWS",Data Engineer
"Experienced in Azure, GCP, Airflow, Data Warehousing, Python, Big Data, SQL, AWS, Hadoop, Docker",Data Engineer
"Experienced in Azure, Data Warehousing, SQL, Big Data, Airflow, GCP, Docker, Hadoop",Data Engineer
"Experienced in Data Pipelines, Docker, Azure, Airflow, GCP, ETL, Big Data, SQL, Python, Apache Spark, AWS, Hadoop",Data Engineer
"Experienced in Docker, Apache Spark, Data Pipelines, Data Warehousing, ETL, Python, GCP, Big Data, Airflow, Hadoop, SQL, Azure",Data Engineer
"Experienced in Data Warehousing, Hadoop, GCP, Docker, Apache Spark, SQL, Airflow, Python, ETL, Big Data",Data Engineer
"Experienced in ETL, Apache Spark, Python, AWS, GCP, Airflow, Data Pipelines, Data Warehousing, Big Data",Data Engineer
"Experienced in Docker, Airflow, Apache Spark, Hadoop, SQL, ETL, Azure, Python, AWS, Data Pipelines, Data Warehousing",Data Engineer
"Experienced in Docker, Python, Azure, AWS, Big Data, GCP, Hadoop, Apache Spark, Data Pipelines",Data Engineer
"Experienced in Apache Spark, ETL, GCP, SQL, Data Warehousing, Hadoop, Azure, Python, Data Pipelines, AWS, Airflow",Data Engineer
"Experienced in Data Warehousing, GCP, Data Pipelines, ETL, Python, Airflow, AWS, Hadoop, SQL",Data Engineer
"Experienced in SQL, AWS, Data Warehousing, Airflow, Apache Spark, Hadoop, Python, GCP, Azure, Docker, ETL, Big Data",Data Engineer
"Experienced in ETL, Big Data, SQL, GCP, Azure, Hadoop, Airflow, AWS, Apache Spark, Docker",Data Engineer
"Experienced in GCP, Python, Docker, Apache Spark, Hadoop, Azure, Data Pipelines, Airflow, ETL, Big Data",Data Engineer
"Experienced in Data Warehousing, Python, Data Pipelines, Big Data, GCP, Airflow, Azure, ETL",Data Engineer
"Experienced in Hadoop, Data Pipelines, SQL, Apache Spark, GCP, Docker, Big Data, AWS, Data Warehousing",Data Engineer
"Experienced in ETL, Docker, SQL, Python, Azure, AWS, Hadoop, GCP, Airflow",Data Engineer
"Experienced in Python, Big Data, Apache Spark, SQL, Data Pipelines, ETL, AWS, Airflow, Hadoop, GCP",Data Engineer
"Experienced in Apache Spark, SQL, Data Pipelines, Data Warehousing, Hadoop, Big Data, GCP, AWS, Airflow, Docker, Python, ETL",Data Engineer
"Experienced in Azure, Airflow, SQL, Big Data, Docker, Apache Spark, Python, Data Warehousing, ETL, GCP, AWS",Data Engineer
"Experienced in Azure, ETL, Data Warehousing, Hadoop, Python, Data Pipelines, Docker, Apache Spark, GCP, Big Data, Airflow, AWS",Data Engineer
"Experienced in Azure, Docker, Big Data, SQL, AWS, Data Warehousing, Apache Spark, ETL",Data Engineer
"Experienced in Big Data, SQL, Python, Data Pipelines, Data Warehousing, Azure, AWS, Hadoop, Apache Spark, Airflow, ETL, GCP",Data Engineer
"Experienced in Hadoop, Airflow, AWS, Big Data, Azure, GCP, Docker, ETL, SQL, Data Pipelines, Data Warehousing, Apache Spark",Data Engineer
"Experienced in SQL, GCP, Python, Apache Spark, Hadoop, Azure, Airflow, Data Warehousing, Big Data",Data Engineer
"Experienced in Docker, SQL, ETL, Big Data, Hadoop, AWS, Data Pipelines, Apache Spark, Python, Data Warehousing, Azure, Airflow",Data Engineer
"Experienced in AWS, Azure, SQL, Data Pipelines, GCP, Big Data, Airflow, Hadoop, Apache Spark, Data Warehousing, Python, Docker",Data Engineer
"Experienced in Hadoop, Data Warehousing, Python, Docker, SQL, AWS, ETL, Airflow, Apache Spark, Data Pipelines, Big Data",Data Engineer
"Experienced in Airflow, Big Data, Data Warehousing, Hadoop, Docker, ETL, Apache Spark, Azure, GCP, AWS",Data Engineer
"Experienced in SQL, GCP, Azure, Airflow, Hadoop, Docker, Apache Spark, Python, Data Pipelines, Data Warehousing",Data Engineer
"Experienced in Docker, Data Warehousing, Data Pipelines, Azure, Airflow, Hadoop, Python, GCP, SQL",Data Engineer
"Experienced in Cloud Architecture, Security, Docker, Azure, Networking, Infrastructure as Code, AWS, Linux, GCP, Terraform, Kubernetes",Cloud Engineer
"Experienced in Infrastructure as Code, Linux, Security, Docker, AWS, Azure, GCP, Kubernetes",Cloud Engineer
"Experienced in Networking, Security, AWS, GCP, Cloud Architecture, Docker, Infrastructure as Code, Kubernetes, Azure, Terraform",Cloud Engineer
"Experienced in Infrastructure as Code, Networking, Terraform, Kubernetes, Linux, AWS, Docker, Cloud Architecture, Azure, Security",Cloud Engineer
"Experienced in Docker, Kubernetes, Terraform, Networking, AWS, Azure, Cloud Architecture, Infrastructure as Code",Cloud Engineer
"Experienced in Kubernetes, GCP, Cloud Architecture, Azure, AWS, Networking, Security, Docker, Infrastructure as Code",Cloud Engineer
"Experienced in Security, Linux, Cloud Architecture, Infrastructure as Code, Networking, Azure, GCP, Terraform, AWS, Kubernetes",Cloud Engineer
"Experienced in Terraform, Cloud Architecture, Kubernetes, Networking, Docker, Infrastructure as Code, Linux, AWS, Azure, Security",Cloud Engineer
"Experienced in AWS, Docker, Infrastructure as Code, Networking, GCP, Security, Azure, Cloud Architecture, Kubernetes",Cloud Engineer
"Experienced in Terraform, Linux, Security, Networking, Cloud Architecture, Docker, Infrastructure as Code, AWS, Kubernetes, GCP, Azure",Cloud Engineer
"Experienced in Docker, Infrastructure as Code, Networking, GCP, Azure, Linux, Cloud Architecture, Terraform, AWS",Cloud Engineer
"Experienced in Kubernetes, Terraform, Azure, GCP, AWS, Networking, Docker, Security, Infrastructure as Code, Cloud Architecture, Linux",Cloud Engineer
"Experienced in Linux, GCP, Terraform, AWS, Cloud Architecture, Kubernetes, Security, Infrastructure as Code, Azure",Cloud Engineer
"Experienced in Cloud Architecture, AWS, Terraform, Networking, GCP, Infrastructure as Code, Docker, Linux, Azure, Kubernetes",Cloud Engineer
"Experienced in Security, Linux, Docker, Infrastructure as Code, Kubernetes, Terraform, Networking, GCP",Cloud Engineer
"Experienced in Linux, Docker, Terraform, Networking, Cloud Architecture, GCP, Infrastructure as Code, AWS",Cloud Engineer
"Experienced in Azure, Docker, Security, Cloud Architecture, Linux, Kubernetes, Infrastructure as Code, Terraform, GCP, AWS, Networking",Cloud Engineer
"Experienced in Azure, Security, GCP, Cloud Architecture, Networking, Terraform, Docker, Kubernetes, AWS, Linux, Infrastructure as Code",Cloud Engineer
"Experienced in AWS, Linux, Networking, Infrastructure as Code, Terraform, Docker, Azure, GCP, Kubernetes",Cloud Engineer
"Experienced in Kubernetes, Infrastructure as Code, AWS, Security, Linux, Cloud Architecture, Docker, Azure, Networking",Cloud Engineer
"Experienced in Linux, Networking, Infrastructure as Code, Docker, Kubernetes, GCP, Terraform, Cloud Architecture, AWS, Azure, Security",Cloud Engineer
"Experienced in Networking, Azure, Docker, Kubernetes, Linux, GCP, Cloud Architecture, AWS, Security, Terraform",Cloud Engineer
"Experienced in AWS, GCP, Security, Kubernetes, Azure, Infrastructure as Code, Cloud Architecture, Docker, Networking, Linux",Cloud Engineer
"Experienced in Security, Linux, Cloud Architecture, AWS, Terraform, GCP, Docker, Networking, Kubernetes, Infrastructure as Code, Azure",Cloud Engineer
"Experienced in Security, GCP, Kubernetes, Infrastructure as Code, Linux, Docker, Networking, Azure",Cloud Engineer
"Experienced in Azure, GCP, Linux, Docker, Kubernetes, Terraform, Networking, Cloud Architecture, Security, Infrastructure as Code",Cloud Engineer
"Experienced in Security, Terraform, Kubernetes, Docker, Infrastructure as Code, Azure, AWS, Networking, Cloud Architecture, GCP, Linux",Cloud Engineer
"Experienced in Linux, Kubernetes, Networking, AWS, Terraform, Security, GCP, Infrastructure as Code",Cloud Engineer
"Experienced in Security, Linux, Cloud Architecture, Networking, Docker, AWS, GCP, Terraform, Kubernetes, Infrastructure as Code, Azure",Cloud Engineer
"Experienced in Networking, Terraform, Kubernetes, Docker, Linux, Security, Azure, Cloud Architecture",Cloud Engineer
"Experienced in Linux, Terraform, GCP, AWS, Kubernetes, Security, Azure, Docker, Infrastructure as Code, Cloud Architecture, Networking",Cloud Engineer
"Experienced in AWS, Kubernetes, Linux, Docker, Cloud Architecture, Terraform, Infrastructure as Code, Azure",Cloud Engineer
"Experienced in AWS, Security, Azure, Cloud Architecture, Kubernetes, Linux, Docker, Terraform, Networking, Infrastructure as Code",Cloud Engineer
"Experienced in AWS, Infrastructure as Code, Security, GCP, Docker, Terraform, Linux, Azure, Networking, Kubernetes, Cloud Architecture",Cloud Engineer
"Experienced in Cloud Architecture, Terraform, Azure, Networking, Linux, Docker, AWS, Security, Infrastructure as Code, GCP",Cloud Engineer
"Experienced in AWS, Docker, Azure, Networking, Infrastructure as Code, Cloud Architecture, Terraform, GCP, Security, Kubernetes, Linux",Cloud Engineer
"Experienced in Kubernetes, Infrastructure as Code, GCP, Docker, AWS, Terraform, Cloud Architecture, Linux, Azure",Cloud Engineer
"Experienced in Terraform, GCP, Networking, Docker, Kubernetes, Cloud Architecture, Azure, Infrastructure as Code, Security, AWS, Linux",Cloud Engineer
"Experienced in Azure, AWS, Linux, Networking, Docker, Infrastructure as Code, GCP, Security, Terraform, Kubernetes, Cloud Architecture",Cloud Engineer
"Experienced in Linux, Azure, Terraform, GCP, Cloud Architecture, Kubernetes, AWS, Security, Docker",Cloud Engineer
"Experienced in Docker, Terraform, Networking, Azure, Kubernetes, AWS, GCP, Cloud Architecture, Linux, Infrastructure as Code, Security",Cloud Engineer
"Experienced in Azure, GCP, AWS, Docker, Linux, Terraform, Cloud Architecture, Networking, Infrastructure as Code, Security",Cloud Engineer
"Experienced in Terraform, Security, Docker, Azure, Cloud Architecture, AWS, Linux, GCP, Kubernetes",Cloud Engineer
"Experienced in Kubernetes, Terraform, Docker, Security, Azure, Linux, Cloud Architecture, Infrastructure as Code, AWS",Cloud Engineer
"Experienced in AWS, Infrastructure as Code, Docker, Azure, GCP, Terraform, Security, Linux, Kubernetes, Networking, Cloud Architecture",Cloud Engineer
"Experienced in Terraform, Kubernetes, Networking, Infrastructure as Code, Cloud Architecture, Azure, GCP, Docker, Linux",Cloud Engineer
"Experienced in Cloud Architecture, Linux, Security, Kubernetes, Docker, AWS, Azure, Infrastructure as Code, Networking, Terraform, GCP",Cloud Engineer
"Experienced in Terraform, Cloud Architecture, Security, Kubernetes, Docker, AWS, Azure, Infrastructure as Code",Cloud Engineer
"Experienced in Security, Docker, Linux, Networking, GCP, Kubernetes, Terraform, Infrastructure as Code, Cloud Architecture, AWS, Azure",Cloud Engineer
"Experienced in Networking, Terraform, Docker, GCP, Infrastructure as Code, Kubernetes, Linux, Cloud Architecture",Cloud Engineer
"Experienced in Kubernetes, Linux, Docker, Infrastructure as Code, Security, Networking, GCP, Azure",Cloud Engineer
"Experienced in Networking, Docker, Kubernetes, Terraform, GCP, Cloud Architecture, Azure, AWS, Security, Infrastructure as Code, Linux",Cloud Engineer
"Experienced in Security, Azure, Kubernetes, Infrastructure as Code, Terraform, GCP, Linux, Docker",Cloud Engineer
"Experienced in Terraform, Kubernetes, Infrastructure as Code, Security, Linux, GCP, Docker, Networking, Azure",Cloud Engineer
"Experienced in Docker, Terraform, Networking, Infrastructure as Code, Kubernetes, Security, Cloud Architecture, Linux, AWS, Azure, GCP",Cloud Engineer
"Experienced in Docker, GCP, Infrastructure as Code, Cloud Architecture, Security, Azure, Networking, Linux, AWS, Terraform, Kubernetes",Cloud Engineer
"Experienced in Linux, Kubernetes, Security, GCP, Docker, Networking, Azure, AWS, Cloud Architecture, Terraform, Infrastructure as Code",Cloud Engineer
"Experienced in Networking, Cloud Architecture, Azure, GCP, Linux, Docker, Infrastructure as Code, Security, Kubernetes, AWS, Terraform",Cloud Engineer
"Experienced in Docker, GCP, Cloud Architecture, Security, Terraform, Kubernetes, Linux, Azure, Networking, AWS",Cloud Engineer
"Experienced in Security, Docker, Kubernetes, Cloud Architecture, Linux, Azure, GCP, AWS, Networking, Infrastructure as Code, Terraform",Cloud Engineer
"Experienced in Security, Kubernetes, Cloud Architecture, Docker, AWS, GCP, Terraform, Networking, Infrastructure as Code, Azure, Linux",Cloud Engineer
"Experienced in Infrastructure as Code, Cloud Architecture, Terraform, GCP, Networking, Azure, Security, AWS, Kubernetes, Docker, Linux",Cloud Engineer
"Experienced in Infrastructure as Code, Networking, Cloud Architecture, Terraform, Docker, Azure, Security, GCP, Kubernetes, Linux, AWS",Cloud Engineer
"Experienced in Linux, AWS, Infrastructure as Code, Azure, Docker, Kubernetes, Networking, Cloud Architecture, Security, GCP, Terraform",Cloud Engineer
"Experienced in Docker, Linux, Kubernetes, AWS, Security, Infrastructure as Code, Cloud Architecture, Networking, Terraform",Cloud Engineer
"Experienced in Kubernetes, Cloud Architecture, Docker, AWS, Networking, Azure, Security, Linux, Infrastructure as Code",Cloud Engineer
"Experienced in Cloud Architecture, Infrastructure as Code, GCP, Linux, Azure, AWS, Networking, Docker, Kubernetes",Cloud Engineer
"Experienced in Terraform, AWS, Infrastructure as Code, Linux, GCP, Docker, Cloud Architecture, Azure, Kubernetes, Security, Networking",Cloud Engineer
"Experienced in Azure, AWS, Networking, Terraform, Linux, Kubernetes, GCP, Cloud Architecture, Infrastructure as Code",Cloud Engineer
"Experienced in GCP, AWS, Security, Kubernetes, Cloud Architecture, Docker, Terraform, Azure",Cloud Engineer
"Experienced in Security, Terraform, AWS, Networking, Azure, Kubernetes, GCP, Docker, Cloud Architecture, Linux, Infrastructure as Code",Cloud Engineer
"Experienced in Docker, Cloud Architecture, Linux, Infrastructure as Code, GCP, Kubernetes, Networking, Terraform, AWS",Cloud Engineer
"Experienced in GCP, AWS, Linux, Infrastructure as Code, Kubernetes, Terraform, Azure, Networking, Docker, Cloud Architecture",Cloud Engineer
"Experienced in Security, Kubernetes, Azure, Terraform, GCP, Cloud Architecture, AWS, Linux, Infrastructure as Code, Networking",Cloud Engineer
"Experienced in Security, Docker, AWS, Terraform, Cloud Architecture, GCP, Networking, Azure",Cloud Engineer
"Experienced in Cloud Architecture, Infrastructure as Code, Linux, Azure, Security, AWS, Kubernetes, GCP, Terraform, Docker, Networking",Cloud Engineer
"Experienced in GCP, Terraform, Security, Infrastructure as Code, AWS, Docker, Cloud Architecture, Azure",Cloud Engineer
"Experienced in Linux, Kubernetes, Security, Docker, Networking, Cloud Architecture, GCP, Infrastructure as Code, Azure",Cloud Engineer
"Experienced in Infrastructure as Code, Linux, GCP, Docker, Azure, AWS, Security, Terraform, Networking",Cloud Engineer
"Experienced in Cloud Architecture, Security, Infrastructure as Code, Terraform, AWS, Linux, Kubernetes, Azure, GCP, Networking",Cloud Engineer
"Experienced in Kubernetes, Networking, Security, Terraform, AWS, Linux, Docker, Azure, GCP, Infrastructure as Code",Cloud Engineer
"Experienced in Infrastructure as Code, Security, Linux, Networking, Kubernetes, Cloud Architecture, Azure, GCP",Cloud Engineer
"Experienced in Security, Kubernetes, Docker, Terraform, Infrastructure as Code, GCP, Azure, Networking, Linux, Cloud Architecture, AWS",Cloud Engineer
"Experienced in Infrastructure as Code, Azure, Docker, Linux, Security, Terraform, Cloud Architecture, GCP, Networking",Cloud Engineer
"Experienced in Azure, Docker, Kubernetes, Linux, AWS, Networking, Security, GCP, Terraform, Infrastructure as Code, Cloud Architecture",Cloud Engineer
"Experienced in AWS, Cloud Architecture, Docker, Terraform, GCP, Networking, Security, Azure, Kubernetes, Linux, Infrastructure as Code",Cloud Engineer
"Experienced in Infrastructure as Code, AWS, Azure, Kubernetes, Security, Docker, Networking, Terraform, Linux",Cloud Engineer
"Experienced in Docker, Networking, Azure, Linux, Terraform, Security, GCP, Kubernetes, Cloud Architecture, AWS",Cloud Engineer
"Experienced in Docker, AWS, Networking, Infrastructure as Code, Kubernetes, Cloud Architecture, Terraform, GCP, Azure, Linux, Security",Cloud Engineer
"Experienced in Azure, Docker, Cloud Architecture, Networking, GCP, Terraform, Security, Infrastructure as Code, AWS, Linux, Kubernetes",Cloud Engineer
"Experienced in Infrastructure as Code, Azure, Linux, Security, Cloud Architecture, AWS, Docker, Kubernetes, GCP, Terraform, Networking",Cloud Engineer
"Experienced in GCP, AWS, Azure, Terraform, Kubernetes, Linux, Infrastructure as Code, Cloud Architecture",Cloud Engineer
"Experienced in Infrastructure as Code, Terraform, Azure, AWS, GCP, Linux, Kubernetes, Networking, Security, Docker",Cloud Engineer
"Experienced in Infrastructure as Code, Terraform, Security, Linux, Cloud Architecture, Docker, Azure, GCP, AWS, Kubernetes, Networking",Cloud Engineer
"Experienced in Infrastructure as Code, Security, Terraform, Cloud Architecture, AWS, Linux, Kubernetes, Networking, Azure, Docker",Cloud Engineer
"Experienced in Kubernetes, Terraform, Cloud Architecture, Docker, GCP, AWS, Security, Infrastructure as Code, Azure, Networking",Cloud Engineer
"Experienced in Infrastructure as Code, Terraform, Cloud Architecture, GCP, Azure, Kubernetes, Linux, Security, Networking, AWS",Cloud Engineer
"Experienced in Networking, GCP, Docker, AWS, Linux, Cloud Architecture, Azure, Security, Kubernetes, Terraform, Infrastructure as Code",Cloud Engineer
"Experienced in Linux, AWS, Kubernetes, Docker, GCP, Azure, Security, Networking, Terraform, Cloud Architecture, Infrastructure as Code",Cloud Engineer
"Experienced in AWS, Docker, Security, Infrastructure as Code, Cloud Architecture, GCP, Azure, Kubernetes, Networking",Cloud Engineer
